record identifiers;persistent identifier;identification labels;digital images/downloads (files);digital images/archival description;microfiche/downloads (files);microfiche/archival description;
http://www.bildindex.de/document/obj20666124;http://id.bildindex.de/thing/0001618283;Lauenhain (Kreis Hainichen)___ Fahnentr?ger eines internationalen Zeltlagers;[];[];"[""http://www.bildindex.de/bilder/d/mi12308g07""]";"[""https://www.bildindex.de/media/obj20666124/mi12308g07""]";
http://www.bildindex.de/document/obj20727600;http://id.bildindex.de/thing/0001677732;Fenster (Bauelement);"[""http://www.bildindex.de/bilder/d/fm140030""]";"[""https://www.bildindex.de/media/obj20727600/fm140030""]";"[""http://www.bildindex.de/bilder/d/mi02117a05"" ""http://www.bildindex.de/bilder/d/mi02117a06""]";"[""https://www.bildindex.de/media/obj20727600/mi02117a05"" ""https://www.bildindex.de/media/obj20727600/mi02117a06""]";
http://www.bildindex.de/document/obj20943303;http://id.bildindex.de/thing/0001803584;Kassel___ Infanteriekasernen an der K?nigsstra?e___ Bestandsaufnahme___ Situationsplan;"[""http://www.bildindex.de/bilder/d/STMP_II_11087_r"" ""http://www.bildindex.de/bilder/d/STMP_II_11087_v""]";"[""https://www.bildindex.de/media/obj20943303/STMP_II_11087_r"" ""https://www.bildindex.de/media/obj20943303/STMP_II_11087_v""]";[];[];
http://www.bildindex.de/document/obj20948462;http://id.bildindex.de/thing/0001806337;Waldeck___ Dom?ne___ Wohnhaus___ Umbauentwurf___ Aufrisse;"[""http://www.bildindex.de/bilder/d/STMP_II_15666_011_r"" ""http://www.bildindex.de/bilder/d/STMP_II_15666_011_v""]";"[""https://www.bildindex.de/media/obj20948462/STMP_II_15666_011_r"" ""https://www.bildindex.de/media/obj20948462/STMP_II_15666_011_v""]";[];[];
http://www.bildindex.de/document/obj20943569;http://id.bildindex.de/thing/0001803733;Kassel___ Opernhaus (Altes Hoftheater)___ Aborte im Fl?gelgeb?ude___ Entwurf___ Grundriss;"[""http://www.bildindex.de/bilder/d/STMP_II_13833_001_r"" ""http://www.bildindex.de/bilder/d/STMP_II_13833_002_r"" ""http://www.bildindex.de/bilder/d/STMP_II_13833_001_V1"" ""http://www.bildindex.de/bilder/d/STMP_II_13833_002_V1"" ""http://www.bildindex.de/bilder/d/STMP_II_13833_001_v""]";"[""https://www.bildindex.de/media/obj20943569/STMP_II_13833_001_r"" ""https://www.bildindex.de/media/obj20943569/STMP_II_13833_002_r"" ""https://www.bildindex.de/media/obj20943569/STMP_II_13833_001_V1"" ""https://www.bildindex.de/media/obj20943569/STMP_II_13833_002_V1"" ""https://www.bildindex.de/media/obj20943569/STMP_II_13833_001_v""]";[];[];
http://www.bildindex.de/document/obj20104670;http://id.bildindex.de/thing/0001252381;Mengsberg___ Oberf?rster-Etablissement___ Bauaufnahmen___ Grundrisse___ Aufrisse___ Querschnitte___ L?ngsschnitte und Lageplan;"[""http://www.bildindex.de/bilder/d/STMP_II_12646_001_r"" ""http://www.bildindex.de/bilder/d/STMP_II_12646_001_v"" ""http://www.bildindex.de/bilder/d/STMP_II_12646_002_r"" ""http://www.bildindex.de/bilder/d/STMP_II_12646_002_v"" ""http://www.bildindex.de/bilder/d/STMP_II_12647_001_r"" ""http://www.bildindex.de/bilder/d/STMP_II_12647_001_v"" ""http://www.bildindex.de/bilder/d/STMP_II_12647_002_r"" ""http://www.bildindex.de/bilder/d/STMP_II_12647_002_v"" ""http://www.bildindex.de/bilder/d/STMP_II_12647_003_r"" ""http://www.bildindex.de/bilder/d/STMP_II_12647_003_v"" ""http://www.bildindex.de/bilder/d/STMP_II_12647_004_r"" ""http://www.bildindex.de/bilder/d/STMP_II_12647_004_v"" ""http://www.bildindex.de/bilder/d/STMP_II_12647_005_r"" ""http://www.bildindex.de/bilder/d/STMP_II_12647_005_v"" ""http://www.bildindex.de/bilder/d/STMP_II_12647_006_r"" ""http://www.bildindex.de/bilder/d/STMP_II_12647_006_v"" ""http://www.bildindex.de/bilder/d/STMP_II_12647_007_r"" ""http://www.bildindex.de/bilder/d/STMP_II_12647_007_v"" ""http://www.bildindex.de/bilder/d/STMP_II_12647_008_r"" ""http://www.bildindex.de/bilder/d/STMP_II_12647_008_v"" ""http://www.bildindex.de/bilder/d/STMP_II_12648_001_r"" ""http://www.bildindex.de/bilder/d/STMP_II_12648_001_v"" ""http://www.bildindex.de/bilder/d/STMP_II_12648_002_r"" ""http://www.bildindex.de/bilder/d/STMP_II_12648_002_v"" ""http://www.bildindex.de/bilder/d/STMP_II_12648_003_r"" ""http://www.bildindex.de/bilder/d/STMP_II_12648_003_v""]";"[""https://www.bildindex.de/media/obj20104670/STMP_II_12646_001_r"" ""https://www.bildindex.de/media/obj20104670/STMP_II_12646_001_v"" ""https://www.bildindex.de/media/obj20104670/STMP_II_12646_002_r"" ""https://www.bildindex.de/media/obj20104670/STMP_II_12646_002_v"" ""https://www.bildindex.de/media/obj20104670/STMP_II_12647_001_r"" ""https://www.bildindex.de/media/obj20104670/STMP_II_12647_001_v"" ""https://www.bildindex.de/media/obj20104670/STMP_II_12647_002_r"" ""https://www.bildindex.de/media/obj20104670/STMP_II_12647_002_v"" ""https://www.bildindex.de/media/obj20104670/STMP_II_12647_003_r"" ""https://www.bildindex.de/media/obj20104670/STMP_II_12647_003_v"" ""https://www.bildindex.de/media/obj20104670/STMP_II_12647_004_r"" ""https://www.bildindex.de/media/obj20104670/STMP_II_12647_004_v"" ""https://www.bildindex.de/media/obj20104670/STMP_II_12647_005_r"" ""https://www.bildindex.de/media/obj20104670/STMP_II_12647_005_v"" ""https://www.bildindex.de/media/obj20104670/STMP_II_12647_006_r"" ""https://www.bildindex.de/media/obj20104670/STMP_II_12647_006_v"" ""https://www.bildindex.de/media/obj20104670/STMP_II_12647_007_r"" ""https://www.bildindex.de/media/obj20104670/STMP_II_12647_007_v"" ""https://www.bildindex.de/media/obj20104670/STMP_II_12647_008_r"" ""https://www.bildindex.de/media/obj20104670/STMP_II_12647_008_v"" ""https://www.bildindex.de/media/obj20104670/STMP_II_12648_001_r"" ""https://www.bildindex.de/media/obj20104670/STMP_II_12648_001_v"" ""https://www.bildindex.de/media/obj20104670/STMP_II_12648_002_r"" ""https://www.bildindex.de/media/obj20104670/STMP_II_12648_002_v"" ""https://www.bildindex.de/media/obj20104670/STMP_II_12648_003_r"" ""https://www.bildindex.de/media/obj20104670/STMP_II_12648_003_v""]";[];[];
http://www.bildindex.de/document/obj20104670;http://id.bildindex.de/thing/0001252368;Mengsberg___ Oberf?rster-Etablissement___ Bauaufnahmen___ Grundrisse___ Aufrisse___ Querschnitte___ L?ngsschnitte und Lageplan Mengsberg___ Oberf?rster-Etablissement___ Bauaufnahmen___ Grundrisse___ Aufrisse___ Querschnitte___ L?ngsschnitte und Lageplan/Mengsberg___ Oberf?rster-Etablissement___ F?rsterwohnung___ Bauaufnahme___ Grundrisse;"[""http://www.bildindex.de/bilder/d/STMP_II_12646_001_r"" ""http://www.bildindex.de/bilder/d/STMP_II_12646_001_v""]";"[""https://www.bildindex.de/media/obj20104670/STMP_II_12646_001_r"" ""https://www.bildindex.de/media/obj20104670/STMP_II_12646_001_v""]";[];[];
http://www.bildindex.de/document/obj20104670;http://id.bildindex.de/thing/0001252369;Mengsberg___ Oberf?rster-Etablissement___ Bauaufnahmen___ Grundrisse___ Aufrisse___ Querschnitte___ L?ngsschnitte und Lageplan Mengsberg___ Oberf?rster-Etablissement___ Bauaufnahmen___ Grundrisse___ Aufrisse___ Querschnitte___ L?ngsschnitte und Lageplan/Mengsberg___ Oberf?rster-Etablissement___ F?rsterwohnung___ Bauaufnahme___ Grundriss und Aufriss;"[""http://www.bildindex.de/bilder/d/STMP_II_12646_002_r"" ""http://www.bildindex.de/bilder/d/STMP_II_12646_002_v""]";"[""https://www.bildindex.de/media/obj20104670/STMP_II_12646_002_r"" ""https://www.bildindex.de/media/obj20104670/STMP_II_12646_002_v""]";[];[];
http://www.bildindex.de/document/obj20104670;http://id.bildindex.de/thing/0001252370;Mengsberg___ Oberf?rster-Etablissement___ Bauaufnahmen___ Grundrisse___ Aufrisse___ Querschnitte___ L?ngsschnitte und Lageplan Mengsberg___ Oberf?rster-Etablissement___ Bauaufnahmen___ Grundrisse___ Aufrisse___ Querschnitte___ L?ngsschnitte und Lageplan/Mengsberg___ Oberf?rster-Etablissement___ F?rsterwohnung___ Bauaufnahme___ Aufriss und Grundriss;"[""http://www.bildindex.de/bilder/d/STMP_II_12647_001_r"" ""http://www.bildindex.de/bilder/d/STMP_II_12647_001_v""]";"[""https://www.bildindex.de/media/obj20104670/STMP_II_12647_001_r"" ""https://www.bildindex.de/media/obj20104670/STMP_II_12647_001_v""]";[];[];
http://www.bildindex.de/document/obj20104670;http://id.bildindex.de/thing/0001252371;Mengsberg___ Oberf?rster-Etablissement___ Bauaufnahmen___ Grundrisse___ Aufrisse___ Querschnitte___ L?ngsschnitte und Lageplan Mengsberg___ Oberf?rster-Etablissement___ Bauaufnahmen___ Grundrisse___ Aufrisse___ Querschnitte___ L?ngsschnitte und Lageplan/Mengsberg___ Oberf?rster-Etablissement___ F?rsterwohnung___ Bauaufnahme___ Aufriss und Grundriss;"[""http://www.bildindex.de/bilder/d/STMP_II_12647_002_r"" ""http://www.bildindex.de/bilder/d/STMP_II_12647_002_v""]";"[""https://www.bildindex.de/media/obj20104670/STMP_II_12647_002_r"" ""https://www.bildindex.de/media/obj20104670/STMP_II_12647_002_v""]";[];[];
http://www.bildindex.de/document/obj20104670;http://id.bildindex.de/thing/0001252372;Mengsberg___ Oberf?rster-Etablissement___ Bauaufnahmen___ Grundrisse___ Aufrisse___ Querschnitte___ L?ngsschnitte und Lageplan Mengsberg___ Oberf?rster-Etablissement___ Bauaufnahmen___ Grundrisse___ Aufrisse___ Querschnitte___ L?ngsschnitte und Lageplan/Mengsberg___ Oberf?rster-Etablissement___ F?rsterwohnung___ Bauaufnahme___ Grundrisse;"[""http://www.bildindex.de/bilder/d/STMP_II_12647_003_r"" ""http://www.bildindex.de/bilder/d/STMP_II_12647_003_v""]";"[""https://www.bildindex.de/media/obj20104670/STMP_II_12647_003_r"" ""https://www.bildindex.de/media/obj20104670/STMP_II_12647_003_v""]";[];[];
http://www.bildindex.de/document/obj20104670;http://id.bildindex.de/thing/0001252373;Mengsberg___ Oberf?rster-Etablissement___ Bauaufnahmen___ Grundrisse___ Aufrisse___ Querschnitte___ L?ngsschnitte und Lageplan Mengsberg___ Oberf?rster-Etablissement___ Bauaufnahmen___ Grundrisse___ Aufrisse___ Querschnitte___ L?ngsschnitte und Lageplan/Mengsberg___ Oberf?rster-Etablissement___ F?rsterwohnung___ Bauaufnahme___ Grundrisse;"[""http://www.bildindex.de/bilder/d/STMP_II_12647_004_r"" ""http://www.bildindex.de/bilder/d/STMP_II_12647_004_v""]";"[""https://www.bildindex.de/media/obj20104670/STMP_II_12647_004_r"" ""https://www.bildindex.de/media/obj20104670/STMP_II_12647_004_v""]";[];[];
http://www.bildindex.de/document/obj20104670;http://id.bildindex.de/thing/0001252374;Mengsberg___ Oberf?rster-Etablissement___ Bauaufnahmen___ Grundrisse___ Aufrisse___ Querschnitte___ L?ngsschnitte und Lageplan Mengsberg___ Oberf?rster-Etablissement___ Bauaufnahmen___ Grundrisse___ Aufrisse___ Querschnitte___ L?ngsschnitte und Lageplan/Mengsberg___ Oberf?rster-Etablissement___ F?rsterwohnung___ Bauaufnahme___ Aufriss___ Querschnitt und L?ngsschnitt;"[""http://www.bildindex.de/bilder/d/STMP_II_12647_005_r"" ""http://www.bildindex.de/bilder/d/STMP_II_12647_005_v""]";"[""https://www.bildindex.de/media/obj20104670/STMP_II_12647_005_r"" ""https://www.bildindex.de/media/obj20104670/STMP_II_12647_005_v""]";[];[];
http://www.bildindex.de/document/obj20104670;http://id.bildindex.de/thing/0001252375;Mengsberg___ Oberf?rster-Etablissement___ Bauaufnahmen___ Grundrisse___ Aufrisse___ Querschnitte___ L?ngsschnitte und Lageplan Mengsberg___ Oberf?rster-Etablissement___ Bauaufnahmen___ Grundrisse___ Aufrisse___ Querschnitte___ L?ngsschnitte und Lageplan/Mengsberg___ Oberf?rster-Etablissement___ F?rsterwohnung___ Bauaufnahme___ Aufriss___ Querschnitt und L?ngsschnitt;"[""http://www.bildindex.de/bilder/d/STMP_II_12647_006_r"" ""http://www.bildindex.de/bilder/d/STMP_II_12647_006_v""]";"[""https://www.bildindex.de/media/obj20104670/STMP_II_12647_006_r"" ""https://www.bildindex.de/media/obj20104670/STMP_II_12647_006_v""]";[];[];
http://www.bildindex.de/document/obj20104670;http://id.bildindex.de/thing/0001252376;Mengsberg___ Oberf?rster-Etablissement___ Bauaufnahmen___ Grundrisse___ Aufrisse___ Querschnitte___ L?ngsschnitte und Lageplan Mengsberg___ Oberf?rster-Etablissement___ Bauaufnahmen___ Grundrisse___ Aufrisse___ Querschnitte___ L?ngsschnitte und Lageplan/Mengsberg___ Oberf?rster-Etablissement___ F?rsterwohnung___ Bauaufnahme___ Grundrisse und Lageplan;"[""http://www.bildindex.de/bilder/d/STMP_II_12647_007_r"" ""http://www.bildindex.de/bilder/d/STMP_II_12647_007_v""]";"[""https://www.bildindex.de/media/obj20104670/STMP_II_12647_007_r"" ""https://www.bildindex.de/media/obj20104670/STMP_II_12647_007_v""]";[];[];
http://www.bildindex.de/document/obj20104670;http://id.bildindex.de/thing/0001252377;Mengsberg___ Oberf?rster-Etablissement___ Bauaufnahmen___ Grundrisse___ Aufrisse___ Querschnitte___ L?ngsschnitte und Lageplan Mengsberg___ Oberf?rster-Etablissement___ Bauaufnahmen___ Grundrisse___ Aufrisse___ Querschnitte___ L?ngsschnitte und Lageplan/Mengsberg___ Oberf?rster-Etablissement___ F?rsterwohnung___ Bauaufnahme___ Grundrisse und Lageplan;"[""http://www.bildindex.de/bilder/d/STMP_II_12647_008_r"" ""http://www.bildindex.de/bilder/d/STMP_II_12647_008_v""]";"[""https://www.bildindex.de/media/obj20104670/STMP_II_12647_008_r"" ""https://www.bildindex.de/media/obj20104670/STMP_II_12647_008_v""]";[];[];
http://www.bildindex.de/document/obj20104670;http://id.bildindex.de/thing/0001252378;Mengsberg___ Oberf?rster-Etablissement___ Bauaufnahmen___ Grundrisse___ Aufrisse___ Querschnitte___ L?ngsschnitte und Lageplan Mengsberg___ Oberf?rster-Etablissement___ Bauaufnahmen___ Grundrisse___ Aufrisse___ Querschnitte___ L?ngsschnitte und Lageplan/Mengsberg___ Oberf?rster-Etablissement___ Scheune und Stall___ Bauaufnahme___ Aufriss und Grundriss;"[""http://www.bildindex.de/bilder/d/STMP_II_12648_001_r"" ""http://www.bildindex.de/bilder/d/STMP_II_12648_001_v""]";"[""https://www.bildindex.de/media/obj20104670/STMP_II_12648_001_r"" ""https://www.bildindex.de/media/obj20104670/STMP_II_12648_001_v""]";[];[];
http://www.bildindex.de/document/obj20104670;http://id.bildindex.de/thing/0001252379;Mengsberg___ Oberf?rster-Etablissement___ Bauaufnahmen___ Grundrisse___ Aufrisse___ Querschnitte___ L?ngsschnitte und Lageplan Mengsberg___ Oberf?rster-Etablissement___ Bauaufnahmen___ Grundrisse___ Aufrisse___ Querschnitte___ L?ngsschnitte und Lageplan/Mengsberg___ Oberf?rster-Etablissement___ Scheune und Stall___ Bauaufnahme___ Aufriss und Grundriss;"[""http://www.bildindex.de/bilder/d/STMP_II_12648_002_r"" ""http://www.bildindex.de/bilder/d/STMP_II_12648_002_v""]";"[""https://www.bildindex.de/media/obj20104670/STMP_II_12648_002_r"" ""https://www.bildindex.de/media/obj20104670/STMP_II_12648_002_v""]";[];[];
http://www.bildindex.de/document/obj20104670;http://id.bildindex.de/thing/0001252380;Mengsberg___ Oberf?rster-Etablissement___ Bauaufnahmen___ Grundrisse___ Aufrisse___ Querschnitte___ L?ngsschnitte und Lageplan Mengsberg___ Oberf?rster-Etablissement___ Bauaufnahmen___ Grundrisse___ Aufrisse___ Querschnitte___ L?ngsschnitte und Lageplan/Mengsberg___ Oberf?rster-Etablissement___ Scheune und Stall___ Bauaufnahme___ Aufriss und Grundriss;"[""http://www.bildindex.de/bilder/d/STMP_II_12648_003_r"" ""http://www.bildindex.de/bilder/d/STMP_II_12648_003_v""]";"[""https://www.bildindex.de/media/obj20104670/STMP_II_12648_003_r"" ""https://www.bildindex.de/media/obj20104670/STMP_II_12648_003_v""]";[];[];
http://www.bildindex.de/document/obj20970089;http://id.bildindex.de/thing/0001812760;Schafherde in der Eifel;"[""http://www.bildindex.de/bilder/d/fmd10007343""]";"[""https://www.bildindex.de/media/obj20970089/fmd10007343""]";[];[];
http://www.bildindex.de/document/obj20726402;http://id.bildindex.de/thing/0001676452;Der Abschied;"[""http://www.bildindex.de/bilder/d/fmd490456"" ""http://www.bildindex.de/bilder/d/fmd490457"" ""http://www.bildindex.de/bilder/d/fmd490458""]";"[""https://www.bildindex.de/media/obj20726402/fmd490456"" ""https://www.bildindex.de/media/obj20726402/fmd490457"" ""https://www.bildindex.de/media/obj20726402/fmd490458""]";"[""http://www.bildindex.de/bilder/d/mi07155a01""]";"[""https://www.bildindex.de/media/obj20726402/mi07155a01""]";
http://www.bildindex.de/document/obj20726668;http://id.bildindex.de/thing/0001676740;Kanne;[];[];"[""http://www.bildindex.de/bilder/d/mi02107d14""]";"[""https://www.bildindex.de/media/obj20726668/mi02107d14""]";
http://www.bildindex.de/document/obj20704832;http://id.bildindex.de/thing/0001655366;Ortschaft an einem Gebirgssee;[];[];"[""http://www.bildindex.de/bilder/d/mi02140e12""]";"[""https://www.bildindex.de/media/obj20704832/mi02140e12""]";
http://www.bildindex.de/document/obj20944502;http://id.bildindex.de/thing/0001804362;Mainz___ Festung (Details der Rheinschanzen)___ Bestandsaufnahme___ Grundriss und Schnitte___ Kopie nach Sontheim;"[""http://www.bildindex.de/bilder/d/STMP_II_10770_009_r"" ""http://www.bildindex.de/bilder/d/STMP_II_10770_009_v""]";"[""https://www.bildindex.de/media/obj20944502/STMP_II_10770_009_r"" ""https://www.bildindex.de/media/obj20944502/STMP_II_10770_009_v""]";[];[];
http://www.bildindex.de/document/obj20705196;http://id.bildindex.de/thing/0001655727;Sch?ssel;[];[];"[""http://www.bildindex.de/bilder/d/mi02142f04""]";"[""https://www.bildindex.de/media/obj20705196/mi02142f04""]";
http://www.bildindex.de/document/obj20729163;http://id.bildindex.de/thing/0001679285;Herbergsschild 1685___ Ziegenhain;[];[];"[""http://www.bildindex.de/bilder/d/mi07166b14""]";"[""https://www.bildindex.de/media/obj20729163/mi07166b14""]";
http://www.bildindex.de/document/obj20726401;http://id.bildindex.de/thing/0001676451;Bildnis des Gro?kaufmanns Friedrich Wilhelm Birtner;"[""http://www.bildindex.de/bilder/d/fmd495148"" ""http://www.bildindex.de/bilder/d/fmd495149""]";"[""https://www.bildindex.de/media/obj20726401/fmd495148"" ""https://www.bildindex.de/media/obj20726401/fmd495149""]";"[""http://www.bildindex.de/bilder/d/mi07154g14"" ""http://www.bildindex.de/bilder/d/mi02103g09""]";"[""https://www.bildindex.de/media/obj20726401/mi07154g14"" ""https://www.bildindex.de/media/obj20726401/mi02103g09""]";
http://www.bildindex.de/document/obj20947263;http://id.bildindex.de/thing/0001805527;Entwurf f?r ein ?ffentliches Geb?ude___ Akademische Pr?fungsaufgabe___ Aufriss;"[""http://www.bildindex.de/bilder/d/STMP_II_13418_003_r"" ""http://www.bildindex.de/bilder/d/STMP_II_13418_003_v""]";"[""https://www.bildindex.de/media/obj20947263/STMP_II_13418_003_r"" ""https://www.bildindex.de/media/obj20947263/STMP_II_13418_003_v""]";[];[];
http://www.bildindex.de/document/obj20942105;http://id.bildindex.de/thing/0001802813;Hanau___ Bangertgarten mit Einzeichnung der Platzgestaltung f?r die Katholische Kirche___ Bestandsaufnahme und Entwurf___ Situationsplan;"[""http://www.bildindex.de/bilder/d/STMP_II_11518_r"" ""http://www.bildindex.de/bilder/d/STMP_II_11518_v""]";"[""https://www.bildindex.de/media/obj20942105/STMP_II_11518_r"" ""https://www.bildindex.de/media/obj20942105/STMP_II_11518_v""]";[];[];
http://www.bildindex.de/document/obj20366177;http://id.bildindex.de/thing/0001418934;Bildplatte;"[""http://www.bildindex.de/bilder/d/fmbc30265_07""]";"[""https://www.bildindex.de/media/obj20366177/fmbc30265_07""]";[];[];
http://www.bildindex.de/document/obj20104671;http://id.bildindex.de/thing/0001252387;Mengsberg___ Oberf?rsterei auf der ehemaligen Hofraite von Schwertzell___ Bauaufnahmen___ Grundrisse___ Querschnitte___ L?ngsschnitte___ Aufrisse und Lageplan;"[""http://www.bildindex.de/bilder/d/STMP_II_12649_001_r"" ""http://www.bildindex.de/bilder/d/STMP_II_12649_001_v"" ""http://www.bildindex.de/bilder/d/STMP_II_12649_002_r"" ""http://www.bildindex.de/bilder/d/STMP_II_12649_002_v"" ""http://www.bildindex.de/bilder/d/STMP_II_12649_003_r"" ""http://www.bildindex.de/bilder/d/STMP_II_12649_003_v"" ""http://www.bildindex.de/bilder/d/STMP_II_12649_004_r"" ""http://www.bildindex.de/bilder/d/STMP_II_12649_004_v"" ""http://www.bildindex.de/bilder/d/STMP_II_12649_005_r"" ""http://www.bildindex.de/bilder/d/STMP_II_12649_005_v""]";"[""https://www.bildindex.de/media/obj20104671/STMP_II_12649_001_r"" ""https://www.bildindex.de/media/obj20104671/STMP_II_12649_001_v"" ""https://www.bildindex.de/media/obj20104671/STMP_II_12649_002_r"" ""https://www.bildindex.de/media/obj20104671/STMP_II_12649_002_v"" ""https://www.bildindex.de/media/obj20104671/STMP_II_12649_003_r"" ""https://www.bildindex.de/media/obj20104671/STMP_II_12649_003_v"" ""https://www.bildindex.de/media/obj20104671/STMP_II_12649_004_r"" ""https://www.bildindex.de/media/obj20104671/STMP_II_12649_004_v"" ""https://www.bildindex.de/media/obj20104671/STMP_II_12649_005_r"" ""https://www.bildindex.de/media/obj20104671/STMP_II_12649_005_v""]";[];[];
http://www.bildindex.de/document/obj20104671;http://id.bildindex.de/thing/0001252382;Mengsberg___ Oberf?rsterei auf der ehemaligen Hofraite von Schwertzell___ Bauaufnahmen___ Grundrisse___ Querschnitte___ L?ngsschnitte___ Aufrisse und Lageplan Mengsberg___ Oberf?rsterei auf der ehemaligen Hofraite von Schwertzell___ Bauaufnahmen___ Grundrisse___ Querschnitte___ L?ngsschnitte___ Aufrisse und Lageplan/Mengsberg___ Oberf?rsterei auf der ehemaligen Hofraite von Schwertzell___ Wohnhaus___ Bauaufnahme___ Grundrisse;"[""http://www.bildindex.de/bilder/d/STMP_II_12649_001_r"" ""http://www.bildindex.de/bilder/d/STMP_II_12649_001_v""]";"[""https://www.bildindex.de/media/obj20104671/STMP_II_12649_001_r"" ""https://www.bildindex.de/media/obj20104671/STMP_II_12649_001_v""]";[];[];
http://www.bildindex.de/document/obj20104671;http://id.bildindex.de/thing/0001252383;Mengsberg___ Oberf?rsterei auf der ehemaligen Hofraite von Schwertzell___ Bauaufnahmen___ Grundrisse___ Querschnitte___ L?ngsschnitte___ Aufrisse und Lageplan Mengsberg___ Oberf?rsterei auf der ehemaligen Hofraite von Schwertzell___ Bauaufnahmen___ Grundrisse___ Querschnitte___ L?ngsschnitte___ Aufrisse und Lageplan/Mengsberg___ Oberf?rsterei auf der ehemaligen Hofraite von Schwertzell___ Wohnhaus___ Bauaufnahme___ Querschnitt und L?ngsschnitt;"[""http://www.bildindex.de/bilder/d/STMP_II_12649_002_r"" ""http://www.bildindex.de/bilder/d/STMP_II_12649_002_v""]";"[""https://www.bildindex.de/media/obj20104671/STMP_II_12649_002_r"" ""https://www.bildindex.de/media/obj20104671/STMP_II_12649_002_v""]";[];[];
http://www.bildindex.de/document/obj20104671;http://id.bildindex.de/thing/0001252384;Mengsberg___ Oberf?rsterei auf der ehemaligen Hofraite von Schwertzell___ Bauaufnahmen___ Grundrisse___ Querschnitte___ L?ngsschnitte___ Aufrisse und Lageplan Mengsberg___ Oberf?rsterei auf der ehemaligen Hofraite von Schwertzell___ Bauaufnahmen___ Grundrisse___ Querschnitte___ L?ngsschnitte___ Aufrisse und Lageplan/Mengsberg___ Oberf?rsterei auf der ehemaligen Hofraite von Schwertzell___ Scheune und Stall___ Bauaufnahme___ L?ngsschnitt und Grundriss;"[""http://www.bildindex.de/bilder/d/STMP_II_12649_003_r"" ""http://www.bildindex.de/bilder/d/STMP_II_12649_003_v""]";"[""https://www.bildindex.de/media/obj20104671/STMP_II_12649_003_r"" ""https://www.bildindex.de/media/obj20104671/STMP_II_12649_003_v""]";[];[];
http://www.bildindex.de/document/obj20104671;http://id.bildindex.de/thing/0001252385;Mengsberg___ Oberf?rsterei auf der ehemaligen Hofraite von Schwertzell___ Bauaufnahmen___ Grundrisse___ Querschnitte___ L?ngsschnitte___ Aufrisse und Lageplan Mengsberg___ Oberf?rsterei auf der ehemaligen Hofraite von Schwertzell___ Bauaufnahmen___ Grundrisse___ Querschnitte___ L?ngsschnitte___ Aufrisse und Lageplan/Mengsberg___ Oberf?rsterei auf der ehemaligen Hofraite von Schwertzell___ Scheune und Stall___ Bauaufnahme___ Aufrisse und Querschnitt;"[""http://www.bildindex.de/bilder/d/STMP_II_12649_004_r"" ""http://www.bildindex.de/bilder/d/STMP_II_12649_004_v""]";"[""https://www.bildindex.de/media/obj20104671/STMP_II_12649_004_r"" ""https://www.bildindex.de/media/obj20104671/STMP_II_12649_004_v""]";[];[];
http://www.bildindex.de/document/obj20104671;http://id.bildindex.de/thing/0001252386;Mengsberg___ Oberf?rsterei auf der ehemaligen Hofraite von Schwertzell___ Bauaufnahmen___ Grundrisse___ Querschnitte___ L?ngsschnitte___ Aufrisse und Lageplan Mengsberg___ Oberf?rsterei auf der ehemaligen Hofraite von Schwertzell___ Bauaufnahmen___ Grundrisse___ Querschnitte___ L?ngsschnitte___ Aufrisse und Lageplan/Mengsberg___ Oberf?rsterei auf der ehemaligen Hofraite von Schwertzell___ Bauaufnahme___ Lageplan;"[""http://www.bildindex.de/bilder/d/STMP_II_12649_005_r"" ""http://www.bildindex.de/bilder/d/STMP_II_12649_005_v""]";"[""https://www.bildindex.de/media/obj20104671/STMP_II_12649_005_r"" ""https://www.bildindex.de/media/obj20104671/STMP_II_12649_005_v""]";[];[];
http://www.bildindex.de/document/obj20061903;http://id.bildindex.de/thing/0001210189;Der Architekt Gion A. Caminada in Vrin;"[""http://www.bildindex.de/bilder/d/fmlac46363""]";"[""https://www.bildindex.de/media/obj20061903/fmlac46363""]";[];[];
http://www.bildindex.de/document/obj20727601;http://id.bildindex.de/thing/0001677733;Haust?r;[];[];"[""http://www.bildindex.de/bilder/d/mi02117c14"" ""http://www.bildindex.de/bilder/d/mi02117d01""]";"[""https://www.bildindex.de/media/obj20727601/mi02117c14"" ""https://www.bildindex.de/media/obj20727601/mi02117d01""]";
http://www.bildindex.de/document/obj20727867;http://id.bildindex.de/thing/0001677999;Niederhessische Tracht;[];[];"[""http://www.bildindex.de/bilder/d/mi02120e11""]";"[""https://www.bildindex.de/media/obj20727867/mi02120e11""]";
http://www.bildindex.de/document/obj20943302;http://id.bildindex.de/thing/0001803583;Kassel___ Artilleriekaserne___ Bauaufnahme___ Grundriss des zweiten Geschosses;"[""http://www.bildindex.de/bilder/d/STMP_II_11086_004_r"" ""http://www.bildindex.de/bilder/d/STMP_II_11086_004_v""]";"[""https://www.bildindex.de/media/obj20943302/STMP_II_11086_004_r"" ""https://www.bildindex.de/media/obj20943302/STMP_II_11086_004_v""]";[];[];
http://www.bildindex.de/document/obj20666125;http://id.bildindex.de/thing/0001618282;Lauenhain (Kreis Hainichen)___ Fahnentr?ger eines internationalen Zeltlagers;[];[];"[""http://www.bildindex.de/bilder/d/mi12308g08""]";"[""https://www.bildindex.de/media/obj20666125/mi12308g08""]";
http://www.bildindex.de/document/obj20948463;http://id.bildindex.de/thing/0001806338;Waldeck___ Dom?ne___ Wohnhaus___ Umbauentwurf___ Aufriss und Grundriss;"[""http://www.bildindex.de/bilder/d/STMP_II_15666_012_r"" ""http://www.bildindex.de/bilder/d/STMP_II_15666_012_v""]";"[""https://www.bildindex.de/media/obj20948463/STMP_II_15666_012_r"" ""https://www.bildindex.de/media/obj20948463/STMP_II_15666_012_v""]";[];[];
http://www.bildindex.de/document/obj20943568;http://id.bildindex.de/thing/0001803732;Kassel___ Opernhaus (Altes Hoftheater) im ehemaligen Palais des Landgrafen Maximilian___ Entwurf___ Schnitt;"[""http://www.bildindex.de/bilder/d/STMP_II_13832_r"" ""http://www.bildindex.de/bilder/d/STMP_II_13832_v""]";"[""https://www.bildindex.de/media/obj20943568/STMP_II_13832_r"" ""https://www.bildindex.de/media/obj20943568/STMP_II_13832_v""]";[];[];
http://www.bildindex.de/document/obj20226229;http://id.bildindex.de/thing/0001330905;Uferkirche;"[""http://www.bildindex.de/bilder/d/fm1351017""]";"[""https://www.bildindex.de/media/obj20226229/fm1351017""]";[];[];
http://www.bildindex.de/document/obj20945701;http://id.bildindex.de/thing/0001804771;Marburg___ Universit?ts-Frauenklinik___ Erweiterungsbau - Dachgeschoss___ Entwurf___ Grundriss;"[""http://www.bildindex.de/bilder/d/STMP_II_21881_007_r"" ""http://www.bildindex.de/bilder/d/STMP_II_21881_007_v""]";"[""https://www.bildindex.de/media/obj20945701/STMP_II_21881_007_r"" ""https://www.bildindex.de/media/obj20945701/STMP_II_21881_007_v""]";[];[];
http://www.bildindex.de/document/obj20970088;http://id.bildindex.de/thing/0001812759;Aus Merzhausen;"[""http://www.bildindex.de/bilder/d/fmd10007345""]";"[""https://www.bildindex.de/media/obj20970088/fmd10007345""]";[];[];
http://www.bildindex.de/document/obj20726667;http://id.bildindex.de/thing/0001676739;Kaffeemaschine;[];[];"[""http://www.bildindex.de/bilder/d/mi02107d13""]";"[""https://www.bildindex.de/media/obj20726667/mi02107d13""]";
http://www.bildindex.de/document/obj20704830;http://id.bildindex.de/thing/0001655364;Bildnis Margaretha Falck___ Frau des Marburger Goldschmieds August Falck;"[""http://www.bildindex.de/bilder/d/fmd10003012""]";"[""https://www.bildindex.de/media/obj20704830/fmd10003012""]";"[""http://www.bildindex.de/bilder/d/mi02140e10""]";"[""https://www.bildindex.de/media/obj20704830/mi02140e10""]";
http://www.bildindex.de/document/obj20728800;http://id.bildindex.de/thing/0001678970;Marburg___ Hirschberg Nummer 14___ Wohnhaus (Textor___ Lageplan___ Riss und Schnitt);[];[];"[""http://www.bildindex.de/bilder/d/mi07162e04""]";"[""https://www.bildindex.de/media/obj20728800/mi07162e04""]";
http://www.bildindex.de/document/obj20705195;http://id.bildindex.de/thing/0001655728;Sch?ssel;[];[];"[""http://www.bildindex.de/bilder/d/mi02142f03""]";"[""https://www.bildindex.de/media/obj20705195/mi02142f03""]";
http://www.bildindex.de/document/obj20704831;http://id.bildindex.de/thing/0001655365;Am Golf von Neapel;[];[];"[""http://www.bildindex.de/bilder/d/mi02140e11""]";"[""https://www.bildindex.de/media/obj20704831/mi02140e11""]";
http://www.bildindex.de/document/obj20729164;http://id.bildindex.de/thing/0001679286;T?rbeschlag;[];[];"[""http://www.bildindex.de/bilder/d/mi07166c01""]";"[""https://www.bildindex.de/media/obj20729164/mi07166c01""]";
http://www.bildindex.de/document/obj20942104;http://id.bildindex.de/thing/0001802812;Hanau?___ unbekanntes Wirtschaftsgeb?udes___ Bestandsaufnahme___ Querschnitt___ Grundriss und Teilaufriss;"[""http://www.bildindex.de/bilder/d/STMP_II_09686_005_r"" ""http://www.bildindex.de/bilder/d/STMP_II_09686_005_v""]";"[""https://www.bildindex.de/media/obj20942104/STMP_II_09686_005_r"" ""https://www.bildindex.de/media/obj20942104/STMP_II_09686_005_v""]";[];[];
http://www.bildindex.de/document/obj20366176;http://id.bildindex.de/thing/0001418933;Servierplatte;"[""http://www.bildindex.de/bilder/d/fmbc30218_03""]";"[""https://www.bildindex.de/media/obj20366176/fmbc30218_03""]";[];[];
http://www.bildindex.de/document/obj20944503;http://id.bildindex.de/thing/0001804363;Mainz___ Festung (Kastel)___ Bestandsaufnahme___ Grundrisse___ Schnitte und Lageplan___ Kopie nach Sontheim;"[""http://www.bildindex.de/bilder/d/STMP_II_10770_010_r"" ""http://www.bildindex.de/bilder/d/STMP_II_10770_010_v""]";"[""https://www.bildindex.de/media/obj20944503/STMP_II_10770_010_r"" ""https://www.bildindex.de/media/obj20944503/STMP_II_10770_010_v""]";[];[];
http://www.bildindex.de/document/obj20104672;http://id.bildindex.de/thing/0001252395;Merxhausen (Emstal)___ Landeshospital___ Lazarett___ Entw?rfe___ Aufrisse___ Grundrisse___ Querschnitte und L?ngsschnitte;"[""http://www.bildindex.de/bilder/d/STMP_II_08165_002_r"" ""http://www.bildindex.de/bilder/d/STMP_II_08165_002_v"" ""http://www.bildindex.de/bilder/d/STMP_II_08165_004_r"" ""http://www.bildindex.de/bilder/d/STMP_II_08165_004_v"" ""http://www.bildindex.de/bilder/d/STMP_II_08165_007_r"" ""http://www.bildindex.de/bilder/d/STMP_II_08165_007_v"" ""http://www.bildindex.de/bilder/d/STMP_II_08165_008_r"" ""http://www.bildindex.de/bilder/d/STMP_II_08165_008_v"" ""http://www.bildindex.de/bilder/d/STMP_II_08165_010_r"" ""http://www.bildindex.de/bilder/d/STMP_II_08165_010_v"" ""http://www.bildindex.de/bilder/d/STMP_II_08165_011_r"" ""http://www.bildindex.de/bilder/d/STMP_II_08165_011_v"" ""http://www.bildindex.de/bilder/d/STMP_II_08165_012_r"" ""http://www.bildindex.de/bilder/d/STMP_II_08165_012_v""]";"[""https://www.bildindex.de/media/obj20104672/STMP_II_08165_002_r"" ""https://www.bildindex.de/media/obj20104672/STMP_II_08165_002_v"" ""https://www.bildindex.de/media/obj20104672/STMP_II_08165_004_r"" ""https://www.bildindex.de/media/obj20104672/STMP_II_08165_004_v"" ""https://www.bildindex.de/media/obj20104672/STMP_II_08165_007_r"" ""https://www.bildindex.de/media/obj20104672/STMP_II_08165_007_v"" ""https://www.bildindex.de/media/obj20104672/STMP_II_08165_008_r"" ""https://www.bildindex.de/media/obj20104672/STMP_II_08165_008_v"" ""https://www.bildindex.de/media/obj20104672/STMP_II_08165_010_r"" ""https://www.bildindex.de/media/obj20104672/STMP_II_08165_010_v"" ""https://www.bildindex.de/media/obj20104672/STMP_II_08165_011_r"" ""https://www.bildindex.de/media/obj20104672/STMP_II_08165_011_v"" ""https://www.bildindex.de/media/obj20104672/STMP_II_08165_012_r"" ""https://www.bildindex.de/media/obj20104672/STMP_II_08165_012_v""]";[];[];
http://www.bildindex.de/document/obj20104672;http://id.bildindex.de/thing/0001252388;Merxhausen (Emstal)___ Landeshospital___ Lazarett___ Entw?rfe___ Aufrisse___ Grundrisse___ Querschnitte und L?ngsschnitte Merxhausen (Emstal)___ Landeshospital___ Lazarett___ Entw?rfe___ Aufrisse___ Grundrisse___ Querschnitte und L?ngsschnitte/Merxhausen (Emstal)___ Landeshospital___ Lazarett___ Entwurf___ Aufriss und L?ngsschnitt;"[""http://www.bildindex.de/bilder/d/STMP_II_08165_002_r"" ""http://www.bildindex.de/bilder/d/STMP_II_08165_002_v""]";"[""https://www.bildindex.de/media/obj20104672/STMP_II_08165_002_r"" ""https://www.bildindex.de/media/obj20104672/STMP_II_08165_002_v""]";[];[];
http://www.bildindex.de/document/obj20104672;http://id.bildindex.de/thing/0001252389;Merxhausen (Emstal)___ Landeshospital___ Lazarett___ Entw?rfe___ Aufrisse___ Grundrisse___ Querschnitte und L?ngsschnitte Merxhausen (Emstal)___ Landeshospital___ Lazarett___ Entw?rfe___ Aufrisse___ Grundrisse___ Querschnitte und L?ngsschnitte/Merxhausen (Emstal)___ Landeshospital___ Lazarett___ Entwurf___ Grundrisse;"[""http://www.bildindex.de/bilder/d/STMP_II_08165_004_r"" ""http://www.bildindex.de/bilder/d/STMP_II_08165_004_v""]";"[""https://www.bildindex.de/media/obj20104672/STMP_II_08165_004_r"" ""https://www.bildindex.de/media/obj20104672/STMP_II_08165_004_v""]";[];[];
http://www.bildindex.de/document/obj20104672;http://id.bildindex.de/thing/0001252390;Merxhausen (Emstal)___ Landeshospital___ Lazarett___ Entw?rfe___ Aufrisse___ Grundrisse___ Querschnitte und L?ngsschnitte Merxhausen (Emstal)___ Landeshospital___ Lazarett___ Entw?rfe___ Aufrisse___ Grundrisse___ Querschnitte und L?ngsschnitte/Merxhausen (Emstal)___ Landeshospital___ Lazarett___ Entwurf___ Aufriss;"[""http://www.bildindex.de/bilder/d/STMP_II_08165_007_r"" ""http://www.bildindex.de/bilder/d/STMP_II_08165_007_v""]";"[""https://www.bildindex.de/media/obj20104672/STMP_II_08165_007_r"" ""https://www.bildindex.de/media/obj20104672/STMP_II_08165_007_v""]";[];[];
http://www.bildindex.de/document/obj20104672;http://id.bildindex.de/thing/0001252391;Merxhausen (Emstal)___ Landeshospital___ Lazarett___ Entw?rfe___ Aufrisse___ Grundrisse___ Querschnitte und L?ngsschnitte Merxhausen (Emstal)___ Landeshospital___ Lazarett___ Entw?rfe___ Aufrisse___ Grundrisse___ Querschnitte und L?ngsschnitte/Merxhausen (Emstal)___ Landeshospital___ Lazarett___ Entwurf___ Querschnitte___ Aufriss und L?ngsschnitt;"[""http://www.bildindex.de/bilder/d/STMP_II_08165_008_r"" ""http://www.bildindex.de/bilder/d/STMP_II_08165_008_v""]";"[""https://www.bildindex.de/media/obj20104672/STMP_II_08165_008_r"" ""https://www.bildindex.de/media/obj20104672/STMP_II_08165_008_v""]";[];[];
http://www.bildindex.de/document/obj20104672;http://id.bildindex.de/thing/0001252392;Merxhausen (Emstal)___ Landeshospital___ Lazarett___ Entw?rfe___ Aufrisse___ Grundrisse___ Querschnitte und L?ngsschnitte Merxhausen (Emstal)___ Landeshospital___ Lazarett___ Entw?rfe___ Aufrisse___ Grundrisse___ Querschnitte und L?ngsschnitte/Merxhausen (Emstal)___ Landeshospital___ Lazarett___ Entwurf___ Aufriss;"[""http://www.bildindex.de/bilder/d/STMP_II_08165_010_r"" ""http://www.bildindex.de/bilder/d/STMP_II_08165_010_v""]";"[""https://www.bildindex.de/media/obj20104672/STMP_II_08165_010_r"" ""https://www.bildindex.de/media/obj20104672/STMP_II_08165_010_v""]";[];[];
http://www.bildindex.de/document/obj20104672;http://id.bildindex.de/thing/0001252393;Merxhausen (Emstal)___ Landeshospital___ Lazarett___ Entw?rfe___ Aufrisse___ Grundrisse___ Querschnitte und L?ngsschnitte Merxhausen (Emstal)___ Landeshospital___ Lazarett___ Entw?rfe___ Aufrisse___ Grundrisse___ Querschnitte und L?ngsschnitte/Merxhausen (Emstal)___ Landeshospital___ Lazarett___ Ausf?hrungsentwurf___ Grundrisse;"[""http://www.bildindex.de/bilder/d/STMP_II_08165_011_r"" ""http://www.bildindex.de/bilder/d/STMP_II_08165_011_v""]";"[""https://www.bildindex.de/media/obj20104672/STMP_II_08165_011_r"" ""https://www.bildindex.de/media/obj20104672/STMP_II_08165_011_v""]";[];[];
http://www.bildindex.de/document/obj20104672;http://id.bildindex.de/thing/0001252394;Merxhausen (Emstal)___ Landeshospital___ Lazarett___ Entw?rfe___ Aufrisse___ Grundrisse___ Querschnitte und L?ngsschnitte Merxhausen (Emstal)___ Landeshospital___ Lazarett___ Entw?rfe___ Aufrisse___ Grundrisse___ Querschnitte und L?ngsschnitte/Merxhausen (Emstal)___ Landeshospital___ Lazarett___ Entwurf___ Aufriss und Querschnitt;"[""http://www.bildindex.de/bilder/d/STMP_II_08165_012_r"" ""http://www.bildindex.de/bilder/d/STMP_II_08165_012_v""]";"[""https://www.bildindex.de/media/obj20104672/STMP_II_08165_012_r"" ""https://www.bildindex.de/media/obj20104672/STMP_II_08165_012_v""]";[];[];
http://www.bildindex.de/document/obj20703899;http://id.bildindex.de/thing/0001654457;Stadtansicht von Marburg;"[""http://www.bildindex.de/bilder/d/fmla1259_02"" ""http://www.bildindex.de/bilder/d/fm810003""]";"[""https://www.bildindex.de/media/obj20703899/fmla1259_02"" ""https://www.bildindex.de/media/obj20703899/fm810003""]";"[""http://www.bildindex.de/bilder/d/mi02011a06"" ""http://www.bildindex.de/bilder/d/mi02011a07""]";"[""https://www.bildindex.de/media/obj20703899/mi02011a06"" ""https://www.bildindex.de/media/obj20703899/mi02011a07""]";
http://www.bildindex.de/document/obj20947262;http://id.bildindex.de/thing/0001805526;Entwurf f?r ein ?ffentliches Geb?ude___ Akademische Studie___ Schnitt und Grundriss;"[""http://www.bildindex.de/bilder/d/STMP_II_13418_002_r"" ""http://www.bildindex.de/bilder/d/STMP_II_13418_002_v""]";"[""https://www.bildindex.de/media/obj20947262/STMP_II_13418_002_r"" ""https://www.bildindex.de/media/obj20947262/STMP_II_13418_002_v""]";[];[];
http://www.bildindex.de/document/obj20320375;http://id.bildindex.de/thing/0001377721;Moschee;[];[];"[""http://www.bildindex.de/bilder/d/ae00003a11""]";"[""https://www.bildindex.de/media/obj20320375/ae00003a11""]";
http://www.bildindex.de/document/obj20727868;http://id.bildindex.de/thing/0001678000;Haube (Kopfbedeckung);[];[];"[""http://www.bildindex.de/bilder/d/mi02120e12""]";"[""https://www.bildindex.de/media/obj20727868/mi02120e12""]";
http://www.bildindex.de/document/obj20727602;http://id.bildindex.de/thing/0001677734;Haust?r;[];[];"[""http://www.bildindex.de/bilder/d/mi02117d02""]";"[""https://www.bildindex.de/media/obj20727602/mi02117d02""]";
http://www.bildindex.de/document/obj20061902;http://id.bildindex.de/thing/0001210188;Der Architekt Gion A. Caminada in Vrin;"[""http://www.bildindex.de/bilder/d/fmlac46362""]";"[""https://www.bildindex.de/media/obj20061902/fmlac46362""]";[];[];
http://www.bildindex.de/document/obj20946067;http://id.bildindex.de/thing/0001804941;Marjo?___ Dom?ne Marjo? -Schafscheuer___ Entwurf___ Aufrisse___ Querschnitt und Grundriss;"[""http://www.bildindex.de/bilder/d/STMP_II_03292_r"" ""http://www.bildindex.de/bilder/d/STMP_II_03292_v""]";"[""https://www.bildindex.de/media/obj20946067/STMP_II_03292_r"" ""https://www.bildindex.de/media/obj20946067/STMP_II_03292_v""]";[];[];
http://www.bildindex.de/document/obj20943567;http://id.bildindex.de/thing/0001803731;Kassel___ Opernhaus (Altes Hoftheater)___ Bestandsaufnahme und Entwurf___ Aufriss___ Schnitt und Situationsplan;"[""http://www.bildindex.de/bilder/d/STMP_II_13831_r"" ""http://www.bildindex.de/bilder/d/STMP_II_13831_v""]";"[""https://www.bildindex.de/media/obj20943567/STMP_II_13831_r"" ""https://www.bildindex.de/media/obj20943567/STMP_II_13831_v""]";[];[];
http://www.bildindex.de/document/obj20943301;http://id.bildindex.de/thing/0001803582;Kassel___ Artilleriekaserne___ Bauaufnahme___ Grundriss des ersten Geschosses;"[""http://www.bildindex.de/bilder/d/STMP_II_11086_003_r"" ""http://www.bildindex.de/bilder/d/STMP_II_11086_003_v""]";"[""https://www.bildindex.de/media/obj20943301/STMP_II_11086_003_r"" ""https://www.bildindex.de/media/obj20943301/STMP_II_11086_003_v""]";[];[];
http://www.bildindex.de/document/obj20945968;http://id.bildindex.de/thing/0001804893;Marburg___ Bibliotheksgeb?ude___ Entwurf___ Aufriss___ Teilquerschnitt und Grundriss;"[""http://www.bildindex.de/bilder/d/STMP_II_14523_r"" ""http://www.bildindex.de/bilder/d/STMP_II_14523_v""]";"[""https://www.bildindex.de/media/obj20945968/STMP_II_14523_r"" ""https://www.bildindex.de/media/obj20945968/STMP_II_14523_v""]";[];[];
http://www.bildindex.de/document/obj20940805;http://id.bildindex.de/thing/0001802108;Fulda___ Gartenanlage zwischen Residenzschloss und Orangerie___ Bestandsaufnahme___ Lageplan;"[""http://www.bildindex.de/bilder/d/STMP_II_10169_008_r"" ""http://www.bildindex.de/bilder/d/STMP_II_10169_008_v""]";"[""https://www.bildindex.de/media/obj20940805/STMP_II_10169_008_r"" ""https://www.bildindex.de/media/obj20940805/STMP_II_10169_008_v""]";[];[];
http://www.bildindex.de/document/obj20226228;http://id.bildindex.de/thing/0001330904;Plan der Stadt Marburg___ mit den projectierten neuen Stadttheilen.;"[""http://www.bildindex.de/bilder/d/fm1527788"" ""http://www.bildindex.de/bilder/d/fm1527788""]";"[""https://www.bildindex.de/media/obj20226228/fm1527788"" ""https://www.bildindex.de/media/obj20226228/fm1527788""]";[];[];
http://www.bildindex.de/document/obj20726666;http://id.bildindex.de/thing/0001676738;Leuchter;[];[];"[""http://www.bildindex.de/bilder/d/mi02107d12""]";"[""https://www.bildindex.de/media/obj20726666/mi02107d12""]";
http://www.bildindex.de/document/obj20948460;http://id.bildindex.de/thing/0001806335;Waldeck___ Dom?ne___ Arbeiter-Wohnhaus___ Entwurf___ Grundrisse und Schnitte;"[""http://www.bildindex.de/bilder/d/STMP_II_15666_009_r"" ""http://www.bildindex.de/bilder/d/STMP_II_15666_009_v""]";"[""https://www.bildindex.de/media/obj20948460/STMP_II_15666_009_r"" ""https://www.bildindex.de/media/obj20948460/STMP_II_15666_009_v""]";[];[];
http://www.bildindex.de/document/obj20970087;http://id.bildindex.de/thing/0001812758;Einfahrt;"[""http://www.bildindex.de/bilder/d/fmd10007348""]";"[""https://www.bildindex.de/media/obj20970087/fmd10007348""]";[];[];
http://www.bildindex.de/document/obj20728801;http://id.bildindex.de/thing/0001678923;Marburg___ Hirschberg Nummer 14: L?ngsseiten-Ansicht an der Mistgasse;[];[];"[""http://www.bildindex.de/bilder/d/mi07162e05""]";"[""https://www.bildindex.de/media/obj20728801/mi07162e05""]";
http://www.bildindex.de/document/obj20274218;http://id.bildindex.de/thing/0001355002;Deutschhausbr?cke;"[""http://www.bildindex.de/bilder/d/fm928304""]";"[""https://www.bildindex.de/media/obj20274218/fm928304""]";"[""http://www.bildindex.de/bilder/d/mi12624e11"" ""http://www.bildindex.de/bilder/d/mi02059e05""]";"[""https://www.bildindex.de/media/obj20274218/mi12624e11"" ""https://www.bildindex.de/media/obj20274218/mi02059e05""]";
http://www.bildindex.de/document/obj20947265;http://id.bildindex.de/thing/0001805529;Braunschweig___ ?stliche Stadtbefestigung mit Entwurf f?r eine Zitadelle___ Lageplan;"[""http://www.bildindex.de/bilder/d/STMP_II_13486_r"" ""http://www.bildindex.de/bilder/d/STMP_II_13486_v""]";"[""https://www.bildindex.de/media/obj20947265/STMP_II_13486_r"" ""https://www.bildindex.de/media/obj20947265/STMP_II_13486_v""]";[];[];
http://www.bildindex.de/document/obj20366179;http://id.bildindex.de/thing/0001418936;Deckeldose mit dem Wappen der Philipps-Universit?t Marburg zur 475-Jahrfeier der Universit?t;"[""http://www.bildindex.de/bilder/d/fmc431686"" ""http://www.bildindex.de/bilder/d/fmbc30670_11"" ""http://www.bildindex.de/bilder/d/fmbc30670_16"" ""http://www.bildindex.de/bilder/d/fmbc30670_07""]";"[""https://www.bildindex.de/media/obj20366179/fmc431686"" ""https://www.bildindex.de/media/obj20366179/fmbc30670_11"" ""https://www.bildindex.de/media/obj20366179/fmbc30670_16"" ""https://www.bildindex.de/media/obj20366179/fmbc30670_07""]";[];[];
http://www.bildindex.de/document/obj20061905;http://id.bildindex.de/thing/0001210193;Der Architekt Gion A. Caminada in Vrin;"[""http://www.bildindex.de/bilder/d/fmlac46365""]";"[""https://www.bildindex.de/media/obj20061905/fmlac46365""]";[];[];
http://www.bildindex.de/document/obj20726665;http://id.bildindex.de/thing/0001676737;Wochensch?ssel;[];[];"[""http://www.bildindex.de/bilder/d/mi02107d11""]";"[""https://www.bildindex.de/media/obj20726665/mi02107d11""]";
http://www.bildindex.de/document/obj20729165;http://id.bildindex.de/thing/0001679287;Dreifu?;[];[];"[""http://www.bildindex.de/bilder/d/mi07166c02""]";"[""https://www.bildindex.de/media/obj20729165/mi07166c02""]";
http://www.bildindex.de/document/obj20942103;http://id.bildindex.de/thing/0001802811;Hanau?___ unbekanntes Wohngeb?ude___ Bestandsaufnahme___ Grundriss;"[""http://www.bildindex.de/bilder/d/STMP_II_09686_004_r"" ""http://www.bildindex.de/bilder/d/STMP_II_09686_004_v""]";"[""https://www.bildindex.de/media/obj20942103/STMP_II_09686_004_r"" ""https://www.bildindex.de/media/obj20942103/STMP_II_09686_004_v""]";[];[];
http://www.bildindex.de/document/obj20705194;http://id.bildindex.de/thing/0001655726;Sch?ssel;[];[];"[""http://www.bildindex.de/bilder/d/mi02142f02""]";"[""https://www.bildindex.de/media/obj20705194/mi02142f02""]";
http://www.bildindex.de/document/obj20942369;http://id.bildindex.de/thing/0001803015;Bad Hersfeld___ Dom?ne Bingartes___ Schafstall___ Entwurf?___ Aufriss und Grundriss;"[""http://www.bildindex.de/bilder/d/STMP_II_13379_018_r"" ""http://www.bildindex.de/bilder/d/STMP_II_13379_018_v""]";"[""https://www.bildindex.de/media/obj20942369/STMP_II_13379_018_r"" ""https://www.bildindex.de/media/obj20942369/STMP_II_13379_018_v""]";[];[];
http://www.bildindex.de/document/obj20944504;http://id.bildindex.de/thing/0001804364;Mainz___ Festung (Fort Montebello)___ Bestandsaufnahme___ Lageplan und Schnitt___ Kopie nach Sontheim;"[""http://www.bildindex.de/bilder/d/STMP_II_10770_011_r"" ""http://www.bildindex.de/bilder/d/STMP_II_10770_011_v""]";"[""https://www.bildindex.de/media/obj20944504/STMP_II_10770_011_r"" ""https://www.bildindex.de/media/obj20944504/STMP_II_10770_011_v""]";[];[];
http://www.bildindex.de/document/obj20283700;http://id.bildindex.de/thing/0001359555;Die Lokomotive;[];[];"[""http://www.bildindex.de/bilder/d/mi12651f11""]";"[""https://www.bildindex.de/media/obj20283700/mi12651f11""]";
http://www.bildindex.de/document/obj20727869;http://id.bildindex.de/thing/0001678001;Evangelische Marburger M?nnertracht;[];[];"[""http://www.bildindex.de/bilder/d/mi12657a08""]";"[""https://www.bildindex.de/media/obj20727869/mi12657a08""]";
http://www.bildindex.de/document/obj20104673;http://id.bildindex.de/thing/0001252403;Merxhausen (Emstal)___ Landeshospital___ Innenarchitektur___ Entw?rfe___ Aufrisse___ Grundrisse und Querschnitte;"[""http://www.bildindex.de/bilder/d/STMP_II_08166_001_r"" ""http://www.bildindex.de/bilder/d/STMP_II_08166_001_v"" ""http://www.bildindex.de/bilder/d/STMP_II_08166_005_r"" ""http://www.bildindex.de/bilder/d/STMP_II_08166_005_v"" ""http://www.bildindex.de/bilder/d/STMP_II_08166_006_r"" ""http://www.bildindex.de/bilder/d/STMP_II_08166_006_v"" ""http://www.bildindex.de/bilder/d/STMP_II_08166_007_r"" ""http://www.bildindex.de/bilder/d/STMP_II_08166_007_v"" ""http://www.bildindex.de/bilder/d/STMP_II_08166_008_r"" ""http://www.bildindex.de/bilder/d/STMP_II_08166_008_v"" ""http://www.bildindex.de/bilder/d/STMP_II_08166_009_r"" ""http://www.bildindex.de/bilder/d/STMP_II_08166_009_v"" ""http://www.bildindex.de/bilder/d/STMP_II_08166_011_r"" ""http://www.bildindex.de/bilder/d/STMP_II_08166_011_v""]";"[""https://www.bildindex.de/media/obj20104673/STMP_II_08166_001_r"" ""https://www.bildindex.de/media/obj20104673/STMP_II_08166_001_v"" ""https://www.bildindex.de/media/obj20104673/STMP_II_08166_005_r"" ""https://www.bildindex.de/media/obj20104673/STMP_II_08166_005_v"" ""https://www.bildindex.de/media/obj20104673/STMP_II_08166_006_r"" ""https://www.bildindex.de/media/obj20104673/STMP_II_08166_006_v"" ""https://www.bildindex.de/media/obj20104673/STMP_II_08166_007_r"" ""https://www.bildindex.de/media/obj20104673/STMP_II_08166_007_v"" ""https://www.bildindex.de/media/obj20104673/STMP_II_08166_008_r"" ""https://www.bildindex.de/media/obj20104673/STMP_II_08166_008_v"" ""https://www.bildindex.de/media/obj20104673/STMP_II_08166_009_r"" ""https://www.bildindex.de/media/obj20104673/STMP_II_08166_009_v"" ""https://www.bildindex.de/media/obj20104673/STMP_II_08166_011_r"" ""https://www.bildindex.de/media/obj20104673/STMP_II_08166_011_v""]";[];[];
http://www.bildindex.de/document/obj20104673;http://id.bildindex.de/thing/0001252396;Merxhausen (Emstal)___ Landeshospital___ Innenarchitektur___ Entw?rfe___ Aufrisse___ Grundrisse und Querschnitte Merxhausen (Emstal)___ Landeshospital___ Innenarchitektur___ Entw?rfe___ Aufrisse___ Grundrisse und Querschnitte/Merxhausen (Emstal)___ Landeshospital___ Fensterpilaster Dachgeschoss___ Entwurf___ Aufrisse und Querschnitt;"[""http://www.bildindex.de/bilder/d/STMP_II_08166_001_r"" ""http://www.bildindex.de/bilder/d/STMP_II_08166_001_v""]";"[""https://www.bildindex.de/media/obj20104673/STMP_II_08166_001_r"" ""https://www.bildindex.de/media/obj20104673/STMP_II_08166_001_v""]";[];[];
http://www.bildindex.de/document/obj20104673;http://id.bildindex.de/thing/0001252397;Merxhausen (Emstal)___ Landeshospital___ Innenarchitektur___ Entw?rfe___ Aufrisse___ Grundrisse und Querschnitte Merxhausen (Emstal)___ Landeshospital___ Innenarchitektur___ Entw?rfe___ Aufrisse___ Grundrisse und Querschnitte/Merxhausen (Emstal)___ Landeshospital___ Gastwirtschaft___ Br?stungspfeiler___ Ausf?hrungsentwurf___ Aufriss;"[""http://www.bildindex.de/bilder/d/STMP_II_08166_005_r"" ""http://www.bildindex.de/bilder/d/STMP_II_08166_005_v""]";"[""https://www.bildindex.de/media/obj20104673/STMP_II_08166_005_r"" ""https://www.bildindex.de/media/obj20104673/STMP_II_08166_005_v""]";[];[];
http://www.bildindex.de/document/obj20104673;http://id.bildindex.de/thing/0001252398;Merxhausen (Emstal)___ Landeshospital___ Innenarchitektur___ Entw?rfe___ Aufrisse___ Grundrisse und Querschnitte Merxhausen (Emstal)___ Landeshospital___ Innenarchitektur___ Entw?rfe___ Aufrisse___ Grundrisse und Querschnitte/Merxhausen (Emstal)___ Landeshospital___ Gastwirtschaft___ Hauptgesims___ Ausf?hrungsentwurf___ Aufriss;"[""http://www.bildindex.de/bilder/d/STMP_II_08166_006_r"" ""http://www.bildindex.de/bilder/d/STMP_II_08166_006_v""]";"[""https://www.bildindex.de/media/obj20104673/STMP_II_08166_006_r"" ""https://www.bildindex.de/media/obj20104673/STMP_II_08166_006_v""]";[];[];
http://www.bildindex.de/document/obj20104673;http://id.bildindex.de/thing/0001252399;Merxhausen (Emstal)___ Landeshospital___ Innenarchitektur___ Entw?rfe___ Aufrisse___ Grundrisse und Querschnitte Merxhausen (Emstal)___ Landeshospital___ Innenarchitektur___ Entw?rfe___ Aufrisse___ Grundrisse und Querschnitte/Merxhausen (Emstal)___ Landeshospital___ Innenarchitektur Gastwirtschaft___ Ausf?hrungsentwurf___ Aufriss;"[""http://www.bildindex.de/bilder/d/STMP_II_08166_007_r"" ""http://www.bildindex.de/bilder/d/STMP_II_08166_007_v""]";"[""https://www.bildindex.de/media/obj20104673/STMP_II_08166_007_r"" ""https://www.bildindex.de/media/obj20104673/STMP_II_08166_007_v""]";[];[];
http://www.bildindex.de/document/obj20104673;http://id.bildindex.de/thing/0001252400;Merxhausen (Emstal)___ Landeshospital___ Innenarchitektur___ Entw?rfe___ Aufrisse___ Grundrisse und Querschnitte Merxhausen (Emstal)___ Landeshospital___ Innenarchitektur___ Entw?rfe___ Aufrisse___ Grundrisse und Querschnitte/Merxhausen (Emstal)___ Landeshospital___ Gesims Gastwirtschaft___ Entwurf___ Grundriss und Aufriss;"[""http://www.bildindex.de/bilder/d/STMP_II_08166_008_r"" ""http://www.bildindex.de/bilder/d/STMP_II_08166_008_v""]";"[""https://www.bildindex.de/media/obj20104673/STMP_II_08166_008_r"" ""https://www.bildindex.de/media/obj20104673/STMP_II_08166_008_v""]";[];[];
http://www.bildindex.de/document/obj20104673;http://id.bildindex.de/thing/0001252401;Merxhausen (Emstal)___ Landeshospital___ Innenarchitektur___ Entw?rfe___ Aufrisse___ Grundrisse und Querschnitte Merxhausen (Emstal)___ Landeshospital___ Innenarchitektur___ Entw?rfe___ Aufrisse___ Grundrisse und Querschnitte/Merxhausen (Emstal)___ Landeshospital___ Gesims Gastwirtschaft___ Ausf?hrungsentwurf___ Aufriss;"[""http://www.bildindex.de/bilder/d/STMP_II_08166_009_r"" ""http://www.bildindex.de/bilder/d/STMP_II_08166_009_v""]";"[""https://www.bildindex.de/media/obj20104673/STMP_II_08166_009_r"" ""https://www.bildindex.de/media/obj20104673/STMP_II_08166_009_v""]";[];[];
http://www.bildindex.de/document/obj20104673;http://id.bildindex.de/thing/0001252402;Merxhausen (Emstal)___ Landeshospital___ Innenarchitektur___ Entw?rfe___ Aufrisse___ Grundrisse und Querschnitte Merxhausen (Emstal)___ Landeshospital___ Innenarchitektur___ Entw?rfe___ Aufrisse___ Grundrisse und Querschnitte/Merxhausen (Emstal)___ Landeshospital___ Innenarchitektur Gastwirtschaft___ Ausf?hrungsentw?rfe___ Aufriss;"[""http://www.bildindex.de/bilder/d/STMP_II_08166_011_r"" ""http://www.bildindex.de/bilder/d/STMP_II_08166_011_v""]";"[""https://www.bildindex.de/media/obj20104673/STMP_II_08166_011_r"" ""https://www.bildindex.de/media/obj20104673/STMP_II_08166_011_v""]";[];[];
http://www.bildindex.de/document/obj20727603;http://id.bildindex.de/thing/0001677735;Haust?r;[];[];"[""http://www.bildindex.de/bilder/d/mi02117d03""]";"[""https://www.bildindex.de/media/obj20727603/mi02117d03""]";
http://www.bildindex.de/document/obj20320376;http://id.bildindex.de/thing/0001377722;Dorfteich;[];[];"[""http://www.bildindex.de/bilder/d/ae00003a14""]";"[""https://www.bildindex.de/media/obj20320376/ae00003a14""]";
http://www.bildindex.de/document/obj20703898;http://id.bildindex.de/thing/0001654456;Stadtansicht von Marburg;"[""http://www.bildindex.de/bilder/d/fm78283""]";"[""https://www.bildindex.de/media/obj20703898/fm78283""]";"[""http://www.bildindex.de/bilder/d/mi02011a04"" ""http://www.bildindex.de/bilder/d/mi02011a05""]";"[""https://www.bildindex.de/media/obj20703898/mi02011a04"" ""https://www.bildindex.de/media/obj20703898/mi02011a05""]";
http://www.bildindex.de/document/obj20703630;http://id.bildindex.de/thing/0001654213;Giebelaufsatz;[];[];"[""http://www.bildindex.de/bilder/d/mi12602g08"" ""http://www.bildindex.de/bilder/d/mi02018g02""]";"[""https://www.bildindex.de/media/obj20703630/mi12602g08"" ""https://www.bildindex.de/media/obj20703630/mi02018g02""]";
http://www.bildindex.de/document/obj20943300;http://id.bildindex.de/thing/0001803581;Kassel___ Artilleriekaserne___ Bauaufnahme___ Grundriss des Erdgeschosses;"[""http://www.bildindex.de/bilder/d/STMP_II_11086_002_r"" ""http://www.bildindex.de/bilder/d/STMP_II_11086_002_v""]";"[""https://www.bildindex.de/media/obj20943300/STMP_II_11086_002_r"" ""https://www.bildindex.de/media/obj20943300/STMP_II_11086_002_v""]";[];[];
http://www.bildindex.de/document/obj20666123;http://id.bildindex.de/thing/0001618279;Lauenhain (Kreis Hainichen)___ Fanfarenzug der FDJ w?hrend eines internationalen Zeltlagers;[];[];"[""http://www.bildindex.de/bilder/d/mi12308g06""]";"[""https://www.bildindex.de/media/obj20666123/mi12308g06""]";
http://www.bildindex.de/document/obj20943566;http://id.bildindex.de/thing/0001803730;Kassel___ Opernhaus (Altes Hoftheater)___ Entwurf zum Kulissenhaus___ Aufriss und Schnitt;"[""http://www.bildindex.de/bilder/d/STMP_II_13830_r"" ""http://www.bildindex.de/bilder/d/STMP_II_13830_v""]";"[""https://www.bildindex.de/media/obj20943566/STMP_II_13830_r"" ""https://www.bildindex.de/media/obj20943566/STMP_II_13830_v""]";[];[];
http://www.bildindex.de/document/obj20945969;http://id.bildindex.de/thing/0001804894;T?r mit Oberlicht___ Akademieentwurf___ Pr?fungsaufgabe___ Aufrisse___ Querschnitt und Grundriss;"[""http://www.bildindex.de/bilder/d/STMP_II_18969_r"" ""http://www.bildindex.de/bilder/d/STMP_II_18969_v""]";"[""https://www.bildindex.de/media/obj20945969/STMP_II_18969_r"" ""https://www.bildindex.de/media/obj20945969/STMP_II_18969_v""]";[];[];
http://www.bildindex.de/document/obj20283701;http://id.bildindex.de/thing/0001359556;Hiob;[];[];"[""http://www.bildindex.de/bilder/d/mi12651e11""]";"[""https://www.bildindex.de/media/obj20283701/mi12651e11""]";
http://www.bildindex.de/document/obj20226227;http://id.bildindex.de/thing/0001330903;Marburg___ Stadtplan der Altstadt (Oberstadt);"[""http://www.bildindex.de/bilder/d/fm1522334"" ""http://www.bildindex.de/bilder/d/fm1522334""]";"[""https://www.bildindex.de/media/obj20226227/fm1522334"" ""https://www.bildindex.de/media/obj20226227/fm1522334""]";[];[];
http://www.bildindex.de/document/obj20948461;http://id.bildindex.de/thing/0001806336;Waldeck___ Dom?ne___ Wohnhaus___ Umbauentwurf___ Grundrisse;"[""http://www.bildindex.de/bilder/d/STMP_II_15666_010_r"" ""http://www.bildindex.de/bilder/d/STMP_II_15666_010_v""]";"[""https://www.bildindex.de/media/obj20948461/STMP_II_15666_010_r"" ""https://www.bildindex.de/media/obj20948461/STMP_II_15666_010_v""]";[];[];
http://www.bildindex.de/document/obj20728802;http://id.bildindex.de/thing/0001678924;Marburg___ Hirschberg Nummer 14___ Wohnhaus Textor;[];[];"[""http://www.bildindex.de/bilder/d/mi07162e06""]";"[""https://www.bildindex.de/media/obj20728802/mi07162e06""]";
http://www.bildindex.de/document/obj20970086;http://id.bildindex.de/thing/0001812757;Alte Ziegelei;"[""http://www.bildindex.de/bilder/d/fmd10007360""]";"[""https://www.bildindex.de/media/obj20970086/fmd10007360""]";[];[];
http://www.bildindex.de/document/obj20942102;http://id.bildindex.de/thing/0001802810;Hanau?___ unbekanntes Geb?ude___ Umbauentwurf?___ Grundriss;"[""http://www.bildindex.de/bilder/d/STMP_II_09686_003_r"" ""http://www.bildindex.de/bilder/d/STMP_II_09686_003_v""]";"[""https://www.bildindex.de/media/obj20942102/STMP_II_09686_003_r"" ""https://www.bildindex.de/media/obj20942102/STMP_II_09686_003_v""]";[];[];
http://www.bildindex.de/document/obj20366178;http://id.bildindex.de/thing/0001418935;Einhenklige Deckeldose;"[""http://www.bildindex.de/bilder/d/fmbc30669_09"" ""http://www.bildindex.de/bilder/d/fmbc30669_14""]";"[""https://www.bildindex.de/media/obj20366178/fmbc30669_09"" ""https://www.bildindex.de/media/obj20366178/fmbc30669_14""]";[];[];
http://www.bildindex.de/document/obj20726664;http://id.bildindex.de/thing/0001676736;Kaffeekanne;[];[];"[""http://www.bildindex.de/bilder/d/mi02107d10""]";"[""https://www.bildindex.de/media/obj20726664/mi02107d10""]";
http://www.bildindex.de/document/obj20705193;http://id.bildindex.de/thing/0001655724;Krug;[];[];"[""http://www.bildindex.de/bilder/d/mi02142f01""]";"[""https://www.bildindex.de/media/obj20705193/mi02142f01""]";
http://www.bildindex.de/document/obj20947264;http://id.bildindex.de/thing/0001805528;Entwurf zu einer befestigten Idealstadt an einem Flu?___ Lageplan___ Studie;"[""http://www.bildindex.de/bilder/d/STMP_II_13482_r"" ""http://www.bildindex.de/bilder/d/STMP_II_13482_v""]";"[""https://www.bildindex.de/media/obj20947264/STMP_II_13482_r"" ""https://www.bildindex.de/media/obj20947264/STMP_II_13482_v""]";[];[];
http://www.bildindex.de/document/obj20942368;http://id.bildindex.de/thing/0001803014;Bad Hersfeld___ Dom?ne Bingartes___ Scheune___ Entwurf?___ Aufriss und Grundrisse;"[""http://www.bildindex.de/bilder/d/STMP_II_13379_017_r"" ""http://www.bildindex.de/bilder/d/STMP_II_13379_017_v""]";"[""https://www.bildindex.de/media/obj20942368/STMP_II_13379_017_r"" ""https://www.bildindex.de/media/obj20942368/STMP_II_13379_017_v""]";[];[];
http://www.bildindex.de/document/obj20944505;http://id.bildindex.de/thing/0001804365;Mainz___ Festung (Reduit des Fort Montebello)___ Bestandsaufnahme___ Grundriss und Schnitt___ Kopie nach Sontheim;"[""http://www.bildindex.de/bilder/d/STMP_II_10770_012_r"" ""http://www.bildindex.de/bilder/d/STMP_II_10770_012_v""]";"[""https://www.bildindex.de/media/obj20944505/STMP_II_10770_012_r"" ""https://www.bildindex.de/media/obj20944505/STMP_II_10770_012_v""]";[];[];
http://www.bildindex.de/document/obj20946900;http://id.bildindex.de/thing/0001805355;Kassel___ K?nigsstra?e___ Residenzpalais___ Palais Reichenbach und Palais Hessen-Rotenburg mit Nebengeb?uden___ Bestandsaufnahme___ Lageplan;"[""http://www.bildindex.de/bilder/d/STMP_II_02750_r"" ""http://www.bildindex.de/bilder/d/STMP_II_02750_v""]";"[""https://www.bildindex.de/media/obj20946900/STMP_II_02750_r"" ""https://www.bildindex.de/media/obj20946900/STMP_II_02750_v""]";[];[];
http://www.bildindex.de/document/obj20104674;http://id.bildindex.de/thing/0001252406;Merxhausen (Emstal)___ Landeshospital___ Gastwirtschaft Abortsanlage___ Entw?rfe___ Grundrisse;"[""http://www.bildindex.de/bilder/d/STMP_II_08168_003_r"" ""http://www.bildindex.de/bilder/d/STMP_II_08168_003_v"" ""http://www.bildindex.de/bilder/d/STMP_II_08168_004_r"" ""http://www.bildindex.de/bilder/d/STMP_II_08168_004_v""]";"[""https://www.bildindex.de/media/obj20104674/STMP_II_08168_003_r"" ""https://www.bildindex.de/media/obj20104674/STMP_II_08168_003_v"" ""https://www.bildindex.de/media/obj20104674/STMP_II_08168_004_r"" ""https://www.bildindex.de/media/obj20104674/STMP_II_08168_004_v""]";[];[];
http://www.bildindex.de/document/obj20104674;http://id.bildindex.de/thing/0001252404;Merxhausen (Emstal)___ Landeshospital___ Gastwirtschaft Abortsanlage___ Entw?rfe___ Grundrisse Merxhausen (Emstal)___ Landeshospital___ Gastwirtschaft Abortsanlage___ Entw?rfe___ Grundrisse/Merxhausen (Emstal)___ Landeshospital___ Gastwirtschaft Abortsanlage___ Entwurf___ Grundrisse;"[""http://www.bildindex.de/bilder/d/STMP_II_08168_003_r"" ""http://www.bildindex.de/bilder/d/STMP_II_08168_003_v""]";"[""https://www.bildindex.de/media/obj20104674/STMP_II_08168_003_r"" ""https://www.bildindex.de/media/obj20104674/STMP_II_08168_003_v""]";[];[];
http://www.bildindex.de/document/obj20104674;http://id.bildindex.de/thing/0001252405;Merxhausen (Emstal)___ Landeshospital___ Gastwirtschaft Abortsanlage___ Entw?rfe___ Grundrisse Merxhausen (Emstal)___ Landeshospital___ Gastwirtschaft Abortsanlage___ Entw?rfe___ Grundrisse/Merxhausen (Emstal)___ Landeshospital___ Gastwirtschaft___ Abortsanlage___ Entwurf___ Grundriss;"[""http://www.bildindex.de/bilder/d/STMP_II_08168_004_r"" ""http://www.bildindex.de/bilder/d/STMP_II_08168_004_v""]";"[""https://www.bildindex.de/media/obj20104674/STMP_II_08168_004_r"" ""https://www.bildindex.de/media/obj20104674/STMP_II_08168_004_v""]";[];[];
http://www.bildindex.de/document/obj20320377;http://id.bildindex.de/thing/0001377723;Weg am Kanal;[];[];"[""http://www.bildindex.de/bilder/d/ae00003a12""]";"[""https://www.bildindex.de/media/obj20320377/ae00003a12""]";
http://www.bildindex.de/document/obj20729166;http://id.bildindex.de/thing/0001679288;Drehbare R?ste;[];[];"[""http://www.bildindex.de/bilder/d/mi07166c03""]";"[""https://www.bildindex.de/media/obj20729166/mi07166c03""]";
http://www.bildindex.de/document/obj20727604;http://id.bildindex.de/thing/0001677736;T?r;[];[];"[""http://www.bildindex.de/bilder/d/mi02117d04""]";"[""https://www.bildindex.de/media/obj20727604/mi02117d04""]";
http://www.bildindex.de/document/obj20061904;http://id.bildindex.de/thing/0001210194;Der Architekt Gion A. Caminada in Vrin;"[""http://www.bildindex.de/bilder/d/fmlac46364""]";"[""https://www.bildindex.de/media/obj20061904/fmlac46364""]";[];[];
http://www.bildindex.de/document/obj20703897;http://id.bildindex.de/thing/0001654455;Stadtansicht von Marburg;"[""http://www.bildindex.de/bilder/d/fm308076""]";"[""https://www.bildindex.de/media/obj20703897/fm308076""]";"[""http://www.bildindex.de/bilder/d/mi02011a01"" ""http://www.bildindex.de/bilder/d/mi02011a02"" ""http://www.bildindex.de/bilder/d/mi02011a03""]";"[""https://www.bildindex.de/media/obj20703897/mi02011a01"" ""https://www.bildindex.de/media/obj20703897/mi02011a02"" ""https://www.bildindex.de/media/obj20703897/mi02011a03""]";
http://www.bildindex.de/document/obj20703895;http://id.bildindex.de/thing/0001654453;Regionaler Raumordnungsplan von Mittelhessen;[];[];"[""http://www.bildindex.de/bilder/d/mi07127g07"" ""http://www.bildindex.de/bilder/d/mi07127g08"" ""http://www.bildindex.de/bilder/d/mi07127g09"" ""http://www.bildindex.de/bilder/d/mi07127g10""]";"[""https://www.bildindex.de/media/obj20703895/mi07127g07"" ""https://www.bildindex.de/media/obj20703895/mi07127g08"" ""https://www.bildindex.de/media/obj20703895/mi07127g09"" ""https://www.bildindex.de/media/obj20703895/mi07127g10""]";
http://www.bildindex.de/document/obj20727862;http://id.bildindex.de/thing/0001677994;Kissen;[];[];"[""http://www.bildindex.de/bilder/d/mi12657a04""]";"[""https://www.bildindex.de/media/obj20727862/mi12657a04""]";
http://www.bildindex.de/document/obj20226226;http://id.bildindex.de/thing/0001330893;Ansicht der Stadt Marburg von S?dwesten;"[""http://www.bildindex.de/bilder/d/fm1527819"" ""http://www.bildindex.de/bilder/d/fm1527819""]";"[""https://www.bildindex.de/media/obj20226226/fm1527819"" ""https://www.bildindex.de/media/obj20226226/fm1527819""]";[];[];
http://www.bildindex.de/document/obj20726406;http://id.bildindex.de/thing/0001676456;Bildnis Karl Friedrich Hermann;[];[];"[""http://www.bildindex.de/bilder/d/mi02121a03""]";"[""https://www.bildindex.de/media/obj20726406/mi02121a03""]";
http://www.bildindex.de/document/obj20283702;http://id.bildindex.de/thing/0001359557;In der Ausstellung;[];[];"[""http://www.bildindex.de/bilder/d/mi12650d06""]";"[""https://www.bildindex.de/media/obj20283702/mi12650d06""]";
http://www.bildindex.de/document/obj20366172;http://id.bildindex.de/thing/0001418929;Sch?ssel;"[""http://www.bildindex.de/bilder/d/fmbc30251_08""]";"[""https://www.bildindex.de/media/obj20366172/fmbc30251_08""]";[];[];
http://www.bildindex.de/document/obj20946061;http://id.bildindex.de/thing/0001804940;Pfaffenhausen (Borken)___ Dom?ne Marienrode - Entw?sserungsanlage___ Entwurf___ Lageplan;"[""http://www.bildindex.de/bilder/d/STMP_II_12080_006_r"" ""http://www.bildindex.de/bilder/d/STMP_II_12080_006_v""]";"[""https://www.bildindex.de/media/obj20946061/STMP_II_12080_006_r"" ""https://www.bildindex.de/media/obj20946061/STMP_II_12080_006_v""]";[];[];
http://www.bildindex.de/document/obj20705192;http://id.bildindex.de/thing/0001655725;Krug;[];[];"[""http://www.bildindex.de/bilder/d/mi02142e14""]";"[""https://www.bildindex.de/media/obj20705192/mi02142e14""]";
http://www.bildindex.de/document/obj20649450;http://id.bildindex.de/thing/0001603416;Gesch?ftshaus;"[""http://www.bildindex.de/bilder/d/fm306027""]";"[""https://www.bildindex.de/media/obj20649450/fm306027""]";"[""http://www.bildindex.de/bilder/d/mi02070e05""]";"[""https://www.bildindex.de/media/obj20649450/mi02070e05""]";
http://www.bildindex.de/document/obj20942109;http://id.bildindex.de/thing/0001802815;Hanau___ Stadtschloss___ Reithalle im Marstall___ Umbauentwurf___ Querschnitt___ Aufriss___ Grundriss;"[""http://www.bildindex.de/bilder/d/STMP_II_11524_r"" ""http://www.bildindex.de/bilder/d/STMP_II_11524_v""]";"[""https://www.bildindex.de/media/obj20942109/STMP_II_11524_r"" ""https://www.bildindex.de/media/obj20942109/STMP_II_11524_v""]";[];[];
http://www.bildindex.de/document/obj20945961;http://id.bildindex.de/thing/0001804891;Kassel?___ unbekanntes Geb?ude___ Entwurf?___ Aufrisse;"[""http://www.bildindex.de/bilder/d/STMP_II_03949_r"" ""http://www.bildindex.de/bilder/d/STMP_II_03949_v""]";"[""https://www.bildindex.de/media/obj20945961/STMP_II_03949_r"" ""https://www.bildindex.de/media/obj20945961/STMP_II_03949_v""]";[];[];
http://www.bildindex.de/document/obj20703896;http://id.bildindex.de/thing/0001654454;Stadtansicht von Marburg;"[""http://www.bildindex.de/bilder/d/fm226262""]";"[""https://www.bildindex.de/media/obj20703896/fm226262""]";"[""http://www.bildindex.de/bilder/d/mi02010g12"" ""http://www.bildindex.de/bilder/d/mi07127f02"" ""http://www.bildindex.de/bilder/d/mi02010g13"" ""http://www.bildindex.de/bilder/d/mi02010g14""]";"[""https://www.bildindex.de/media/obj20703896/mi02010g12"" ""https://www.bildindex.de/media/obj20703896/mi07127f02"" ""https://www.bildindex.de/media/obj20703896/mi02010g13"" ""https://www.bildindex.de/media/obj20703896/mi02010g14""]";
http://www.bildindex.de/document/obj20703894;http://id.bildindex.de/thing/0001654452;Stadtplan von Marburg;[];[];"[""http://www.bildindex.de/bilder/d/mi12586c03""]";"[""https://www.bildindex.de/media/obj20703894/mi12586c03""]";
http://www.bildindex.de/document/obj20727863;http://id.bildindex.de/thing/0001677995;Kissen;[];[];"[""http://www.bildindex.de/bilder/d/mi12657a05""]";"[""https://www.bildindex.de/media/obj20727863/mi12657a05""]";
http://www.bildindex.de/document/obj20226225;http://id.bildindex.de/thing/0001330889;Stadtplan Marburgs bei der Belagerung im Siebenj?hrigen Krieg 1759;"[""http://www.bildindex.de/bilder/d/fm1527790"" ""http://www.bildindex.de/bilder/d/fm1527790""]";"[""https://www.bildindex.de/media/obj20226225/fm1527790"" ""https://www.bildindex.de/media/obj20226225/fm1527790""]";[];[];
http://www.bildindex.de/document/obj20366171;http://id.bildindex.de/thing/0001418928;Platte mit Pfauenmotiv;"[""http://www.bildindex.de/bilder/d/fmbc30209_13""]";"[""https://www.bildindex.de/media/obj20366171/fmbc30209_13""]";[];[];
http://www.bildindex.de/document/obj20283703;http://id.bildindex.de/thing/0001359558;Barbara (Bildnis der j?ngsten Tochter);[];[];"[""http://www.bildindex.de/bilder/d/mi12649e02""]";"[""https://www.bildindex.de/media/obj20283703/mi12649e02""]";
http://www.bildindex.de/document/obj20946060;http://id.bildindex.de/thing/0001804939;Pfaffenhausen (Borken)___ Dom?ne Marienrode - Pferdestall___ Entwurf___ Lageplan;"[""http://www.bildindex.de/bilder/d/STMP_II_12080_002_r"" ""http://www.bildindex.de/bilder/d/STMP_II_12080_002_v""]";"[""https://www.bildindex.de/media/obj20946060/STMP_II_12080_002_r"" ""https://www.bildindex.de/media/obj20946060/STMP_II_12080_002_v""]";[];[];
http://www.bildindex.de/document/obj20726405;http://id.bildindex.de/thing/0001676455;B?ste des Professors Karl Friedrich Hermann;"[""http://www.bildindex.de/bilder/d/fmd490400"" ""http://www.bildindex.de/bilder/d/fmd490401"" ""http://www.bildindex.de/bilder/d/fmd490402"" ""http://www.bildindex.de/bilder/d/fmd490403""]";"[""https://www.bildindex.de/media/obj20726405/fmd490400"" ""https://www.bildindex.de/media/obj20726405/fmd490401"" ""https://www.bildindex.de/media/obj20726405/fmd490402"" ""https://www.bildindex.de/media/obj20726405/fmd490403""]";"[""http://www.bildindex.de/bilder/d/mi02104a04"" ""http://www.bildindex.de/bilder/d/mi02104a04"" ""http://www.bildindex.de/bilder/d/mi02104a04"" ""http://www.bildindex.de/bilder/d/mi02104a04"" ""http://www.bildindex.de/bilder/d/mi07155a02""]";"[""https://www.bildindex.de/media/obj20726405/mi02104a04"" ""https://www.bildindex.de/media/obj20726405/mi02104a04"" ""https://www.bildindex.de/media/obj20726405/mi02104a04"" ""https://www.bildindex.de/media/obj20726405/mi02104a04"" ""https://www.bildindex.de/media/obj20726405/mi07155a02""]";
http://www.bildindex.de/document/obj20705191;http://id.bildindex.de/thing/0001655723;Feld bei Niederwalgern;"[""http://www.bildindex.de/bilder/d/fm221333"" ""http://www.bildindex.de/bilder/d/fm221333""]";"[""https://www.bildindex.de/media/obj20705191/fm221333"" ""https://www.bildindex.de/media/obj20705191/fm221333""]";"[""http://www.bildindex.de/bilder/d/mi07176b03"" ""http://www.bildindex.de/bilder/d/mi02142g10""]";"[""https://www.bildindex.de/media/obj20705191/mi07176b03"" ""https://www.bildindex.de/media/obj20705191/mi02142g10""]";
http://www.bildindex.de/document/obj20729160;http://id.bildindex.de/thing/0001679282;Herbergsschild der Wagner___ Schmiede und Schlosser___ Universit?tsmuseum Marburg;[];[];"[""http://www.bildindex.de/bilder/d/mi07166b11""]";"[""https://www.bildindex.de/media/obj20729160/mi07166b11""]";
http://www.bildindex.de/document/obj20942108;http://id.bildindex.de/thing/0001802814;Hanau___ Entwurf zum Mengerschen Wohnhaus am N?rnberger Tor___ Aufriss___ Grundrisse;"[""http://www.bildindex.de/bilder/d/STMP_II_11521_r"" ""http://www.bildindex.de/bilder/d/STMP_II_11521_v""]";"[""https://www.bildindex.de/media/obj20942108/STMP_II_11521_r"" ""https://www.bildindex.de/media/obj20942108/STMP_II_11521_v""]";[];[];
http://www.bildindex.de/document/obj20649451;http://id.bildindex.de/thing/0001603417;Wohn- und Gesch?ftshaus;"[""http://www.bildindex.de/bilder/d/fm306146""]";"[""https://www.bildindex.de/media/obj20649451/fm306146""]";"[""http://www.bildindex.de/bilder/d/mi02070e06"" ""http://www.bildindex.de/bilder/d/mi02070e07"" ""http://www.bildindex.de/bilder/d/mi02070e08""]";"[""https://www.bildindex.de/media/obj20649451/mi02070e06"" ""https://www.bildindex.de/media/obj20649451/mi02070e07"" ""https://www.bildindex.de/media/obj20649451/mi02070e08""]";
http://www.bildindex.de/document/obj20079149;http://id.bildindex.de/thing/0001220516;Vintage print;"[""http://www.bildindex.de/bilder/d/fm1562758""]";"[""https://www.bildindex.de/media/obj20079149/fm1562758""]";[];[];
http://www.bildindex.de/document/obj20703893;http://id.bildindex.de/thing/0001654451;Stadtplan von Marburg;[];[];"[""http://www.bildindex.de/bilder/d/mi12586c01""]";"[""https://www.bildindex.de/media/obj20703893/mi12586c01""]";
http://www.bildindex.de/document/obj20727864;http://id.bildindex.de/thing/0001677996;Kissen;[];[];"[""http://www.bildindex.de/bilder/d/mi12657a06""]";"[""https://www.bildindex.de/media/obj20727864/mi12657a06""]";
http://www.bildindex.de/document/obj20892775;http://id.bildindex.de/thing/0001796044;Vatikan___ Vatikanischer Palast___ Sala Ducale___ S?nftentr?ger des Papstes;[];[];"[""http://www.bildindex.de/bilder/d/it00415b06""]";"[""https://www.bildindex.de/media/obj20892775/it00415b06""]";
http://www.bildindex.de/document/obj20666126;http://id.bildindex.de/thing/0001618281;Lauenhain (Kreis Hainichen)___ Fanfarenzug der FDJ w?hrend eines internationalen Zeltlagers;[];[];"[""http://www.bildindex.de/bilder/d/mi12308g09""]";"[""https://www.bildindex.de/media/obj20666126/mi12308g09""]";
http://www.bildindex.de/document/obj20283704;http://id.bildindex.de/thing/0001359559;Laokoon warnt vor dem h?lzernen Pferd;[];[];"[""http://www.bildindex.de/bilder/d/mi12651e10""]";"[""https://www.bildindex.de/media/obj20283704/mi12651e10""]";
http://www.bildindex.de/document/obj20226224;http://id.bildindex.de/thing/0001330894;Ansicht Marburgs von Nordosten;"[""http://www.bildindex.de/bilder/d/fm1527822"" ""http://www.bildindex.de/bilder/d/fm1527822""]";"[""https://www.bildindex.de/media/obj20226224/fm1527822"" ""https://www.bildindex.de/media/obj20226224/fm1527822""]";[];[];
http://www.bildindex.de/document/obj20726404;http://id.bildindex.de/thing/0001676454;B?ste der Luise Gr?fin Bose;"[""http://www.bildindex.de/bilder/d/fm222655"" ""http://www.bildindex.de/bilder/d/fmd10037622""]";"[""https://www.bildindex.de/media/obj20726404/fm222655"" ""https://www.bildindex.de/media/obj20726404/fmd10037622""]";"[""http://www.bildindex.de/bilder/d/mi02103g11""]";"[""https://www.bildindex.de/media/obj20726404/mi02103g11""]";
http://www.bildindex.de/document/obj20944500;http://id.bildindex.de/thing/0001804360;Mainz___ Festung (Inundationsschanze)___ Bestandsaufnahme___ Grundrisse und Schnitte___ Kopie nach Sontheim;"[""http://www.bildindex.de/bilder/d/STMP_II_10770_007_r"" ""http://www.bildindex.de/bilder/d/STMP_II_10770_007_v""]";"[""https://www.bildindex.de/media/obj20944500/STMP_II_10770_007_r"" ""https://www.bildindex.de/media/obj20944500/STMP_II_10770_007_v""]";[];[];
http://www.bildindex.de/document/obj20366175;http://id.bildindex.de/thing/0001418932;Servierplatte /Sch?ssel;[];[];[];[];
http://www.bildindex.de/document/obj20705190;http://id.bildindex.de/thing/0001655722;Landschaft mit Feldwegen und Fuhrwerk;[];[];"[""http://www.bildindex.de/bilder/d/mi02142g11""]";"[""https://www.bildindex.de/media/obj20705190/mi02142g11""]";
http://www.bildindex.de/document/obj20729161;http://id.bildindex.de/thing/0001679283;Herbergsschild der Schneider und Weber___  Orb___ Kreis Gelnhausen;[];[];[];"[""http://www.bildindex.de/bilder/d/mi07166b12""]";"[""https://www.bildindex.de/media/obj20729161/mi07166b12""]"
http://www.bildindex.de/document/obj20649452;http://id.bildindex.de/thing/0001603418;Portr?tmedaillon;[];[];"[""http://www.bildindex.de/bilder/d/mi02070e09""]";"[""https://www.bildindex.de/media/obj20649452/mi02070e09""]";
http://www.bildindex.de/document/obj20947261;http://id.bildindex.de/thing/0001805525;Entwurf f?r ein ?ffentliches Geb?ude___ Akademische Pr?fungsaufgabe___ Grundrisse;"[""http://www.bildindex.de/bilder/d/STMP_II_13418_001_r"" ""http://www.bildindex.de/bilder/d/STMP_II_13418_001_v""]";"[""https://www.bildindex.de/media/obj20947261/STMP_II_13418_001_r"" ""https://www.bildindex.de/media/obj20947261/STMP_II_13418_001_v""]";[];[];
http://www.bildindex.de/document/obj20727865;http://id.bildindex.de/thing/0001677997;Frauenoberhemd (Kimmetchen);[];[];"[""http://www.bildindex.de/bilder/d/mi12657a07""]";"[""https://www.bildindex.de/media/obj20727865/mi12657a07""]";
http://www.bildindex.de/document/obj20061901;http://id.bildindex.de/thing/0001210190;Der Architekt Gion A. Caminada in Vrin;"[""http://www.bildindex.de/bilder/d/fmlac46361""]";"[""https://www.bildindex.de/media/obj20061901/fmlac46361""]";[];[];
http://www.bildindex.de/document/obj20945965;http://id.bildindex.de/thing/0001804892;Entwurf f?r ein Wohnhaus___ Akademische Studie___ Aufrisse und Grundrisse;"[""http://www.bildindex.de/bilder/d/STMP_II_13263_r"" ""http://www.bildindex.de/bilder/d/STMP_II_13263_v""]";"[""https://www.bildindex.de/media/obj20945965/STMP_II_13263_r"" ""https://www.bildindex.de/media/obj20945965/STMP_II_13263_v""]";[];[];
http://www.bildindex.de/document/obj20703892;http://id.bildindex.de/thing/0001654450;Stadtplan von Marburg;"[""http://www.bildindex.de/bilder/d/fm408692""]";"[""https://www.bildindex.de/media/obj20703892/fm408692""]";"[""http://www.bildindex.de/bilder/d/mi07127g05"" ""http://www.bildindex.de/bilder/d/mi07127g06""]";"[""https://www.bildindex.de/media/obj20703892/mi07127g05"" ""https://www.bildindex.de/media/obj20703892/mi07127g06""]";
http://www.bildindex.de/document/obj20943304;http://id.bildindex.de/thing/0001803585;Kassel___ Entwurf zu einem Eingangstor zwischen Hohentor- und Leibgarde-Kaserne___ Aufriss und Grundriss;"[""http://www.bildindex.de/bilder/d/STMP_II_11088_r"" ""http://www.bildindex.de/bilder/d/STMP_II_11088_v""]";"[""https://www.bildindex.de/media/obj20943304/STMP_II_11088_r"" ""https://www.bildindex.de/media/obj20943304/STMP_II_11088_v""]";[];[];
http://www.bildindex.de/document/obj20839834;http://id.bildindex.de/thing/0001768170;Frauengruppe in der Umayyadenmoschee;"[""http://www.bildindex.de/bilder/d/fmlac54459""]";"[""https://www.bildindex.de/media/obj20839834/fmlac54459""]";[];[];
http://www.bildindex.de/document/obj20666127;http://id.bildindex.de/thing/0001618280;Lauenhain (Kreis Hainichen)___ Querseilf?hre ?ber die Kriebsteintalsperre;[];[];"[""http://www.bildindex.de/bilder/d/mi12308g10""]";"[""https://www.bildindex.de/media/obj20666127/mi12308g10""]";
http://www.bildindex.de/document/obj20366173;http://id.bildindex.de/thing/0001418930;Platte mit chinesischem Gartenmotiv;"[""http://www.bildindex.de/bilder/d/fmbc30210_04""]";"[""https://www.bildindex.de/media/obj20366173/fmbc30210_04""]";[];[];
http://www.bildindex.de/document/obj20726403;http://id.bildindex.de/thing/0001676453;Brustbild des Kurf?rsten Wilhelm II. von Hessen;[];[];"[""http://www.bildindex.de/bilder/d/mi02103g10""]";"[""https://www.bildindex.de/media/obj20726403/mi02103g10""]";
http://www.bildindex.de/document/obj20283705;http://id.bildindex.de/thing/0001359560;Primel und Stiefm?tterchen;[];[];"[""http://www.bildindex.de/bilder/d/mi12651g01""]";"[""https://www.bildindex.de/media/obj20283705/mi12651g01""]";
http://www.bildindex.de/document/obj20226223;http://id.bildindex.de/thing/0001330892;Ansicht Marburgs von Nordosten;"[""http://www.bildindex.de/bilder/d/fm1527818"" ""http://www.bildindex.de/bilder/d/fm1527818""]";"[""https://www.bildindex.de/media/obj20226223/fm1527818"" ""https://www.bildindex.de/media/obj20226223/fm1527818""]";[];[];
http://www.bildindex.de/document/obj20726669;http://id.bildindex.de/thing/0001676741;Kanne;[];[];"[""http://www.bildindex.de/bilder/d/mi02107e01""]";"[""https://www.bildindex.de/media/obj20726669/mi02107e01""]";
http://www.bildindex.de/document/obj20729162;http://id.bildindex.de/thing/0001679284;Herbergsschild der Gesellen___  Romrod Kreis Alsfeld;[];[];[];"[""http://www.bildindex.de/bilder/d/mi07166b13""]";"[""https://www.bildindex.de/media/obj20729162/mi07166b13""]"
http://www.bildindex.de/document/obj20944501;http://id.bildindex.de/thing/0001804361;Mainz___ Festung (Rheinschanzen)___ Bestandsaufnahme___ Lageplan___ Kopie nach Sontheim;"[""http://www.bildindex.de/bilder/d/STMP_II_10770_008_r"" ""http://www.bildindex.de/bilder/d/STMP_II_10770_008_v""]";"[""https://www.bildindex.de/media/obj20944501/STMP_II_10770_008_r"" ""https://www.bildindex.de/media/obj20944501/STMP_II_10770_008_v""]";[];[];
http://www.bildindex.de/document/obj20366174;http://id.bildindex.de/thing/0001418931;Platte oder Sch?ssel mit Pfauenmotiv;[];[];[];[];
http://www.bildindex.de/document/obj20061900;http://id.bildindex.de/thing/0001210187;Der Architekt Gion A. Caminada in Vrin;"[""http://www.bildindex.de/bilder/d/fmlac46360""]";"[""https://www.bildindex.de/media/obj20061900/fmlac46360""]";[];[];
http://www.bildindex.de/document/obj20095720;http://id.bildindex.de/thing/0001243233;Bildnis Emil von Behring;"[""http://www.bildindex.de/bilder/d/fmd10003108"" ""http://www.bildindex.de/bilder/d/fm414758""]";"[""https://www.bildindex.de/media/obj20095720/fmd10003108"" ""https://www.bildindex.de/media/obj20095720/fm414758""]";"[""http://www.bildindex.de/bilder/d/mi12672b04""]";"[""https://www.bildindex.de/media/obj20095720/mi12672b04""]";
http://www.bildindex.de/document/obj20649453;http://id.bildindex.de/thing/0001603419;Portr?tmedaillon;[];[];"[""http://www.bildindex.de/bilder/d/mi02070e10""]";"[""https://www.bildindex.de/media/obj20649453/mi02070e10""]";
http://www.bildindex.de/document/obj20727866;http://id.bildindex.de/thing/0001677998;Abendmahlshaube;[];[];"[""http://www.bildindex.de/bilder/d/mi02120e09""]";"[""https://www.bildindex.de/media/obj20727866/mi02120e09""]";
http://www.bildindex.de/document/obj20947260;http://id.bildindex.de/thing/0001805524;Entwurf zu einer Schule___ Akademische Studie___ Aufriss___ Schnitt___ Grundriss und Situationsplan;"[""http://www.bildindex.de/bilder/d/STMP_II_13417_010_r"" ""http://www.bildindex.de/bilder/d/STMP_II_13417_010_v""]";"[""https://www.bildindex.de/media/obj20947260/STMP_II_13417_010_r"" ""https://www.bildindex.de/media/obj20947260/STMP_II_13417_010_v""]";[];[];
http://www.bildindex.de/document/obj20948204;http://id.bildindex.de/thing/0001806121;St?lzingen___ Dom?ne___ Stallungen___ Bauaufnahme?___ Aufriss und Grundrisse;"[""http://www.bildindex.de/bilder/d/STMP_II_03417_004_r"" ""http://www.bildindex.de/bilder/d/STMP_II_03417_004_v""]";"[""https://www.bildindex.de/media/obj20948204/STMP_II_03417_004_r"" ""https://www.bildindex.de/media/obj20948204/STMP_II_03417_004_v""]";[];[];
http://www.bildindex.de/document/obj20703891;http://id.bildindex.de/thing/0001654449;Stadtplanentwurf f?r Ockershausen;[];[];"[""http://www.bildindex.de/bilder/d/mi02010g11""]";"[""https://www.bildindex.de/media/obj20703891/mi02010g11""]";
http://www.bildindex.de/document/obj20104679;http://id.bildindex.de/thing/0001252422;Merxhausen (Emstal)___ Landeshospital___ Hauptgeb?ude___ Fassade___ Entw?rfe___ Aufrisse und Grundrisse;"[""http://www.bildindex.de/bilder/d/STMP_II_08215_006_r"" ""http://www.bildindex.de/bilder/d/STMP_II_08215_006_v"" ""http://www.bildindex.de/bilder/d/STMP_II_08215_007_r"" ""http://www.bildindex.de/bilder/d/STMP_II_08215_007_v""]";"[""https://www.bildindex.de/media/obj20104679/STMP_II_08215_006_r"" ""https://www.bildindex.de/media/obj20104679/STMP_II_08215_006_v"" ""https://www.bildindex.de/media/obj20104679/STMP_II_08215_007_r"" ""https://www.bildindex.de/media/obj20104679/STMP_II_08215_007_v""]";[];[];
http://www.bildindex.de/document/obj20104679;http://id.bildindex.de/thing/0001252420;Merxhausen (Emstal)___ Landeshospital___ Hauptgeb?ude___ Fassade___ Entw?rfe___ Aufrisse und Grundrisse Merxhausen (Emstal)___ Landeshospital___ Hauptgeb?ude___ Fassade___ Entw?rfe___ Aufrisse und Grundrisse/Merxhausen (Emstal)___ Landeshospital___ Hauptgeb?ude___ Fenster___ Entwurf___ Aufriss___ beschnitten;"[""http://www.bildindex.de/bilder/d/STMP_II_08215_006_r"" ""http://www.bildindex.de/bilder/d/STMP_II_08215_006_v""]";"[""https://www.bildindex.de/media/obj20104679/STMP_II_08215_006_r"" ""https://www.bildindex.de/media/obj20104679/STMP_II_08215_006_v""]";[];[];
http://www.bildindex.de/document/obj20104679;http://id.bildindex.de/thing/0001252421;Merxhausen (Emstal)___ Landeshospital___ Hauptgeb?ude___ Fassade___ Entw?rfe___ Aufrisse und Grundrisse Merxhausen (Emstal)___ Landeshospital___ Hauptgeb?ude___ Fassade___ Entw?rfe___ Aufrisse und Grundrisse/Merxhausen (Emstal)___ Landeshospital___ Hauptgeb?ude___ Turm___ Entwurf___ Aufriss und Grundrisse___ beschnitten;"[""http://www.bildindex.de/bilder/d/STMP_II_08215_007_r"" ""http://www.bildindex.de/bilder/d/STMP_II_08215_007_v""]";"[""https://www.bildindex.de/media/obj20104679/STMP_II_08215_007_r"" ""https://www.bildindex.de/media/obj20104679/STMP_II_08215_007_v""]";[];[];
http://www.bildindex.de/document/obj20051219;http://id.bildindex.de/thing/0001206091;Blick in das Berauntal mit dem Fluss Beraun (Berounka);"[""http://www.bildindex.de/bilder/d/fm1569939""]";"[""https://www.bildindex.de/media/obj20051219/fm1569939""]";[];[];
http://www.bildindex.de/document/obj20416604;http://id.bildindex.de/thing/0001449808;Britische Mandatspolizei vor dem Davidsturm;"[""http://www.bildindex.de/bilder/d/fm824337"" ""http://www.bildindex.de/bilder/d/fm824337""]";"[""https://www.bildindex.de/media/obj20416604/fm824337"" ""https://www.bildindex.de/media/obj20416604/fm824337""]";[];[];
http://www.bildindex.de/document/obj20970080;http://id.bildindex.de/thing/0001812751;Fuhrleute;"[""http://www.bildindex.de/bilder/d/fmd10007369""]";"[""https://www.bildindex.de/media/obj20970080/fmd10007369""]";[];[];
http://www.bildindex.de/document/obj20273014;http://id.bildindex.de/thing/0001353937;Verschiedene Schmuckst?cke;"[""http://www.bildindex.de/bilder/d/fm812511""]";"[""https://www.bildindex.de/media/obj20273014/fm812511""]";[];[];
http://www.bildindex.de/document/obj20147970;http://id.bildindex.de/thing/0001276812;Bamberger Reiter hinter einem Pfeiler;"[""http://www.bildindex.de/bilder/d/fmc433137""]";"[""https://www.bildindex.de/media/obj20147970/fmc433137""]";[];[];
http://www.bildindex.de/document/obj20831333;http://id.bildindex.de/thing/0001760734;Umgebung von Brig;"[""http://www.bildindex.de/bilder/d/fm1301069""]";"[""https://www.bildindex.de/media/obj20831333/fm1301069""]";"[""http://www.bildindex.de/bilder/d/ch00043g02""]";"[""https://www.bildindex.de/media/obj20831333/ch00043g02""]";
http://www.bildindex.de/document/obj20381548;http://id.bildindex.de/thing/0001428330;Bauernhof;"[""http://www.bildindex.de/bilder/d/fmla6899_033""]";"[""https://www.bildindex.de/media/obj20381548/fmla6899_033""]";"[""http://www.bildindex.de/bilder/d/mi13349b04""]";"[""https://www.bildindex.de/media/obj20381548/mi13349b04""]";
http://www.bildindex.de/document/obj20649454;http://id.bildindex.de/thing/0001603420;Wohn- und Gesch?ftshaus;[];[];"[""http://www.bildindex.de/bilder/d/mi02070e13""]";"[""https://www.bildindex.de/media/obj20649454/mi02070e13""]";
http://www.bildindex.de/document/obj20946907;http://id.bildindex.de/thing/0001805356;Kassel___ Karlsaue___ Holl?ndischer Garten___ Entwurf zu einem Broderieparterre im Garten neben dem Wirtschaftshof___ Lageplan;"[""http://www.bildindex.de/bilder/d/STMP_II_03469_r"" ""http://www.bildindex.de/bilder/d/STMP_II_03469_v""]";"[""https://www.bildindex.de/media/obj20946907/STMP_II_03469_r"" ""https://www.bildindex.de/media/obj20946907/STMP_II_03469_v""]";[];[];
